Record_#,Drug_Name,DrugBank_ID,Molecular_Weight,LogP,Hydrogen_Bond_Donors,Hydrogen_Bond_Acceptors,TPSA,Rotatable_Bonds,Drug_Class,Target_Protein_UniProt,Current_Use,Repurposed_Use,Repurposed_Category
1,Abacavir,DB01048,286.34,1.09,3,6,101.88,4,Anti-HIV Agents,,HIV Infections,breast cancer,Cancer
2,Abiraterone,DB05812,349.52,5.4,1,2,33.12,1,,P05093,Malignant neoplasm of prostate,,Others
3,Acamprosate,DB00659,181.21,-0.6,2,3,83.47,4,Alcohol Deterrents,P41594,"Alcoholic Intoxication, Chronic",,Others
4,Acarbose,DB00284,645.61,-8.56,14,19,321.17,9,,O43451; P04746; P10253; P14410,"Diabetes Mellitus, Non-Insulin-Dependent",,Others
5,Acebutolol,DB01193,336.43,2.37,3,5,87.66,10,Antihypertensive Agents,P07550; P08588,Hypertensive disease,premature ventricular contractions,Others
6,Aceprometazine,DB01615,326.47,4.44,0,4,23.55,4,Hypnotics and Sedatives,P35367,Sleeplessness,,Others
7,Acetaminophen,DB00316,151.16,1.35,2,2,49.33,1,"Analgesics, Non-Narcotic",P23219; P35354,Allergic rhinitis (disorder),arthralgia; arthritic pains; back pain; common cold; fever; headache disorders; influenza-like symptoms; migraine disorders; pain; sinus headache; tension headache; toothache,Pain
8,Acetazolamide,DB00819,222.25,-0.86,2,6,115.04,2,Diuretics,P00915; P00918; P07451; P22748; P29972; P43166; Q9ULX7,Absence Epilepsy,"altitude sickness; angle closure glaucoma; edema; glaucoma, open-angle; malignant glaucoma; peripheral edema; secondary glaucoma",Eye
9,Acetohydroxamic Acid,DB00551,75.07,-0.49,2,2,49.33,0,Enzyme Inhibitors,P39900,Urinary tract infection,,Others
10,Acetophenazine,DB01063,411.57,3.49,1,6,47.02,7,Antipsychotic Agents,P14416; P21728,Psychotic Disorders,,Others
11,Acetylcysteine,DB06151,163.2,-0.49,3,3,66.4,3,Antiviral Agents,O14920; O15111; O15399; P48637; Q03154; Q05586; Q12879; Q13224; Q8TCU5; Q9UPY5,Amyloidosis,bronchiectasis; bronchitis; poisoning by acetaminophen; pulmonary cystic fibrosis,Respiratory
12,Acetylsalicylic acid,DB00945,180.16,1.31,1,3,63.6,2,Fibrinolytic Agents,O14920; P04637; P11021; P23219; P25101; P25963; P35354; P51812; Q04828,Arthralgia,arthritic pains; back pain; common cold; degenerative polyarthritis; headache disorders; influenza-like symptoms; migraine disorders; myocardial infarction; pain; rheumatoid arthritis; sinus headache; toothache,Heart
13,Aciclovir,DB00787,225.21,-1.33,3,6,119.05,4,Antiviral Agents,P03176; P04293,Chickenpox,genital herpes; herpes labialis; herpes simplex infections; herpes encephalitis; herpes simplex infection of skin; herpes zoster disease; recurrent genital herpes simplex; recurrent herpes simplex labialis,Infection
14,Acitretin,DB00459,326.44,5.17,1,2,46.53,6,Keratolytic Agents,P09455; P10276; P10826; P13631; P19793; P28702; P48443,Psoriasis,,Others
15,Aclidinium,DB08897,484.66,4.67,1,6,55.76,9,Muscarinic Antagonists,P08172; P08173; P08912; P11229; P20309,Chronic Obstructive Airway Disease,,Others
16,Acrivastine,DB09488,348.45,4.02,1,3,53.43,6,,,Allergic Conjunctivitis,"allergic rhinitis (disorder); common cold; hay fever; nasal congestion (finding); rhinitis, vasomotor; rhinorrhea; sneezing",Ear/Nose/Throat
17,Adapalene,DB00210,412.53,6.68,1,2,46.53,4,"Anti-Inflammatory Agents, Non-Steroidal",P10276; P10826; P13631; P19793; P28702; P48443,Acne Vulgaris,,Others
18,Adefovir Dipivoxil,DB00718,501.48,2.7,1,12,166.98,11,Antiviral Agents,,"Hepatitis B, Chronic",,Others
19,Adenosine,DB00640,267.25,-1.98,4,8,139.54,2,Anti-Arrhythmia Agents,P29274; P29275; P30542,Paroxysmal supraventricular tachycardia,pulmonary cystic fibrosis,Respiratory
20,Adenosine monophosphate,DB00131,347.22,-1.86,5,9,186.07,4,Dietary Supplements,O43741; P06737; P09467; P11309; P16220; P33121; P49773; P55263; Q07343; Q08499; Q08828; Q13131; Q9NR19; Q9NUB1; Q9Y478,Pulmonary Cystic Fibrosis,,Others
21,Afatinib,DB08916,485.95,4.39,2,7,88.61,8,,P00533; P04626; Q15303,Epidermal growth factor receptor positive non-small cell lung cancer,,Others
22,Agomelatine,DB06594,243.31,2.53,1,2,38.33,4,Antidepressive Agents,P28335; P48039; P49286,Major Depressive Disorder,,Others
23,Albendazole,DB00518,265.34,3.24,2,4,67.01,4,,P68371; P83223; Q71U36,Echinococcus granulosus infection,echinococcus granulosus infection of liver; echinococcus granulosus infection of lung; neurocysticercosis,Infection
24,Alclometasone,DB00240,408.92,2.02,3,5,94.83,2,Antipruritics,P04150,Chronic small plaque psoriasis,"contact dermatitis; dermatitis, atopic; exanthema; granuloma annulare; lichen simplex chronicus; lupus erythematosus, discoid; lymphoma, t-cell, cutaneous; pruritus ani; pruritus of genital organs; scalp psoriasis; seborrheic dermatitis",Skin
25,Alectinib,DB11363,482.63,4.77,1,5,72.36,3,,,Non-Small Cell Lung Carcinoma,,Others
26,Alendronate,DB00630,249.1,-1.27,6,4,161.31,5,Bone Density Conservation Agents,P14324; P23469; P29074; P38606; Q13332,Osteitis Deformans,"osteoporosis, postmenopausal",Bone
27,Alfacalcidol,DB01436,400.65,6.59,2,2,40.46,6,Bone Density Conservation Agents,O15528; P11473,Hyperparathyroidism,hypoparathyroidism; neonatal hypocalcemia; renal osteodystrophy,Kidney
28,Alfuzosin,DB00346,389.46,1.35,2,8,111.83,8,Antihypertensive Agents,P25100; P35348; P35368; Q12809,Prostatic Hypertrophy,,Others
29,Aliskiren,DB09026,551.77,3.29,4,7,146.13,19,,,Hypertensive disease,,Others
30,Allopurinol,DB00437,136.11,-0.4,2,3,74.43,0,Gout Suppressants,P47989,"Arthritis, Gouty",calcium renal calculus; gout; hyperuricemia; uric acid renal calculus,Arthritis
31,Almitrine,DB01430,477.56,4.26,2,7,69.21,10,Respiratory System Agents,P05023,Chronic Obstructive Airway Disease,,Others
32,Almotriptan,DB00918,335.47,2.2,1,3,56.41,6,Serotonin Antagonists,P28221; P28222,Migraine Disorders,,Others
33,Alosetron,DB00969,294.36,2.41,1,2,53.92,2,,P46098,Diarrhoea predominant irritable bowel syndrome,irritable bowel syndrome with diarrhea,Stomach
34,Alprazolam,DB00404,308.77,3.58,0,3,43.07,1,Anti-Anxiety Agents,,Anxiety,generalized anxiety disorder; mixed anxiety and depressive disorder; panic disorder,Mental Health
35,Alprostadil,DB00770,354.49,3.48,3,4,94.83,13,,P34995; P43116,Aortic coarctation,congenital atresia of pulmonary valve; erectile dysfunction; tetralogy of fallot; tricuspid atresia,Respiratory
36,Alvimopan,DB06274,424.54,3.05,3,4,89.87,8,,P35372; P41143; P41145,Postoperative ileus,,Others
37,Ambenonium,DB01122,537.58,4.64,2,2,58.2,14,Anti-Arrhythmia Agents,P22303,Myasthenia Gravis,,Others
38,Ambrisentan,DB06403,378.43,3.52,1,5,81.54,7,,,Pulmonary arterial hypertension,,Others
39,Amcinonide,DB00288,502.58,3.52,1,7,99.13,3,Glucocorticoids,P04083; P04150,Chronic small plaque psoriasis,"contact dermatitis; dermatitis, atopic; exanthema; granuloma annulare; lichen simplex chronicus; lupus erythematosus, discoid; lymphoma, t-cell, cutaneous; pruritus ani; pruritus of genital organs; scalp psoriasis; seborrheic dermatitis",Skin
40,Amikacin,DB00479,585.61,-8.42,13,17,331.94,10,Anti-Bacterial Agents,P0A7S3,Arthropathy associated with infection,"bacterial infection due to klebsiella pneumoniae; bacterial meningitis due to gram-negative bacteria; bacterial sepsis; cholangitis; diverticulitis of gastrointestinal tract; enterobacter pneumonia; enterobacteriaceae infections; escherichia coli infections; escherichia coli septicemia; infection due to pseudomonas aeruginosa; infection of bone; infection of skin and/or subcutaneous tissue; intraabdominal infections; klebsiella sepsis; meningitis due to klebsiella mobilis; meningitis, bacterial; meningitis, escherichia coli; neonatal meningitis; neonatal pneumonia; nosocomial pneumonia; osteomyelitis; pneumonia due to escherichia coli; pneumonia due to gram negative bacteria; pneumonia due to pseudomonas; pneumonia, bacterial; proteus meningitis; proteus pneumonia; proteus septicemia; pseudomonas aeruginosa meningitis; rhinoscleroma; sepsis due to gram negative bacteria; sepsis due to pseudomonas; sepsis of the newborn; serratia infections; serratia sepsis; staphylococcal pneumonia; staphylococcal bacteraemia; staphylococcal meningitis",Infection
41,Amiloride,DB00594,229.63,-1.29,4,5,159.29,1,Diuretics,P00749; P19634; P19801; P37088; P51168; P51170; P51172; P78348; Q16515,Edema,hypertensive disease,Others
42,Aminoglutethimide,DB00357,232.28,1.35,2,3,72.19,2,"Antineoplastic Agents, Hormonal",P05108; P11511,Secondary malignant neoplasm of female breast,,Others
43,Aminolevulinic acid,DB00855,131.13,-0.62,2,3,80.39,4,Photosensitizing Agents,P13716,Actinic keratosis,,Others
44,Aminosalicylic Acid,DB00233,153.14,0.67,3,3,83.55,1,Antitubercular Agents,O15111; P09917; P35354; Q9NZK7,Acute tuberculosis,"tuberculosis, pulmonary",Infection
45,Amisulpride,DB06288,369.49,1.29,2,6,101.73,7,Antipsychotic Agents,P14416; P28223; P34969; P35462,Chronic schizophrenia,,Others
46,Amlexanox,DB01025,298.3,2.75,2,5,106.42,2,Anti-Allergic Agents,P05230; P08700; P80511; Q99584,Aphthous Stomatitis,,Others
47,Ammonium lactate,DB06768,107.11,-1.51,2,3,96.86,1,Antipruritics,,Contact Dermatitis,"dermatitis, atopic; dry skin; exanthema; granuloma annulare; pruritus; pruritus ani; pruritus of genital organs; seborrheic dermatitis",Skin
48,Amoxicillin,DB01060,365.41,0.02,4,6,132.96,4,Anti-Bacterial Agents,,Acute bacterial sinusitis,"acute exacerbation of chronic bronchitis; acute otitis media; bacterial urinary infection; escherichia coli infections; escherichia coli urinary tract infection; genitourinary tract infection; haemophilus influenzae pneumonia; haemophilus parainfluenzae pneumonia; helicobacter-associated gastritis; infection of skin and/or subcutaneous tissue; infective otitis media; klebsiella cystitis; lower respiratory tract infection; moraxella catarrhalis pneumonia; pharyngitis; pneumonia due to klebsiella pneumoniae; pneumonia due to staphylococcus aureus; pneumonia, bacterial; rhinoscleroma; staphylococcal pharyngitis; staphylococcal tonsillitis; staphylococcus aureus infection; streptococcal pneumonia; streptococcal tonsillitis; urinary tract infection; pharyngitis due to haemophilus influenzae",Infection
49,Amphotericin B,DB00681,924.09,0.71,12,17,319.61,3,Antifungal Agents,,Acne Vulgaris,"actinomycosis; acute gonococcal cervicitis; acute gonococcal urethritis; aspergillosis; blastomycosis; bronchitis; brucellosis; candidal endocarditis; candidal meningitis; candidemia; candidiasis; candidiasis of the esophagus; chlamydia trachomatis infection of genital structure; coccidioidomycosis; cutaneous candidiasis; diaper rash; disseminated sporotrichosis; fungal infection of lung; fungal septicemia; gingivostomatitis; gonorrhea; gonorrhea of pharynx; gonorrhea of rectum; granuloma inguinale; histoplasmosis; infection by cryptococcus neoformans; infection of skin and/or subcutaneous tissue; infective otitis media; intraabdominal infections; invasive pulmonary aspergillosis; leishmaniasis; leishmaniasis, visceral; lymphogranuloma venereum; meningitis, fungal; mucormycosis; mycotic endocarditis; oral candidiasis; pelvic inflammatory disease; pharyngitis; pneumonia; psittacosis; pulmonary cryptococcosis; q fever; relapsing fever; rhinocerebral phycomycosis; rickettsialpox; rocky mountain spotted fever; septicemia candida; sinusitis; syphilis; systemic candidiasis; typhus; trachoma; urinary tract infection; urinary tract infection fungal; yaws; candidal peritonitis",Respiratory
50,Ampicillin,DB00415,349.41,0.32,3,5,112.73,4,Anti-Bacterial Agents,P0A3M6; Q75Y35; Q7CRA4; Q8DNB6; Q8DR59,Acute bacterial epiglottitis,"acute bacterial sinusitis; acute epiglottitis; acute exacerbation of chronic bronchitis; acute gonococcal cervicitis; acute gonococcal endometritis; acute gonococcal urethritis; acute otitis media; bacterial endocarditis; bacterial peritonitis; bacterial sepsis; cholangitis; dysentery; enterobacteriaceae infections; escherichia coli infections; escherichia coli septicemia; female genital tract infection; genitourinary tract infection; gonorrhea; gonorrhea of rectum; haemophilus influenzae pneumonia; infection of skin and/or subcutaneous tissue; infective otitis media; intraabdominal infections; meningitis, bacterial; meningitis, escherichia coli; meningitis, pneumococcal; meningococcal meningitis; paratyphoid fever; pelvic inflammatory disease; pharyngitis; pneumococcal pharyngitis; pneumonia, bacterial; proteus septicemia; proteus urinary tract infection; rhinoscleroma; salmonella sepsis; sepsis due to staphylococcus aureus; septicemia due to enterococcus; shigella infections; sinusitis; staphylococcal pneumonia; staphylococcal endocarditis; staphylococcus aureus infection; streptococcal endocarditis; streptococcal pneumonia; streptococcal sepsis; streptococcal tonsillitis; urinary tract infection enterococcus; urinary tract infection; pharyngitis due to haemophilus influenzae",Ear/Nose/Throat
51,Amprenavir,DB00701,505.64,2.4,3,7,131.19,11,Anti-HIV Agents,,HIV Infections,,Others
52,Amrinone,DB01427,187.2,1.02,2,3,71.77,1,Cardiotonic Agents,P01375; Q07343; Q14432,Decompensated cardiac failure,,Others
53,Anagrelide,DB00261,256.09,1.93,1,3,44.7,0,Antithrombins,Q14432,"Thrombocythemia, Essential",,Others
54,Anidulafungin,DB00362,1140.25,-0.93,14,17,377.42,14,Antifungal Agents,A2QLK4,Candidemia,candidiasis of the esophagus; candidal peritonitis,Others
55,Apixaban,DB06605,459.51,2.7,1,5,110.76,5,,P00742,Arterial embolus and thrombosis,,Others
56,Apomorphine,DB00714,267.33,2.85,2,3,43.7,0,Antiparkinson Agents,P08908; P08913; P14416; P18089; P18825; P21728; P21917; P21918; P28221; P28222; P28223; P28335; P35462; P41595; Q9NYX4,Parkinson Disease,,Others
57,Apremilast,DB05676,460.51,3.08,1,7,122.57,8,,,"Arthritis, Psoriatic",chronic small plaque psoriasis,Skin
58,Aprepitant,DB00673,534.43,4.95,2,5,83.24,6,,P25103,Chemotherapy-induced nausea and vomiting,,Others
59,Aranidipine,DB09229,388.38,2.13,1,8,124.84,6,,,Hypertensive disease,,Others
60,Arformoterol,DB01274,344.41,2.22,4,5,90.82,9,Adrenergic beta-2 Receptor Agonists,P07550,"Bronchitis, Chronic",chronic obstructive airway disease; pulmonary emphysema,Respiratory
61,Argatroban,DB00278,508.65,0.7,5,6,180.21,9,,P00734,Heparin-induced thrombocytopenia with thrombosis,,Others
62,Aripiprazole,DB01238,448.39,4.86,1,4,44.81,7,Antipsychotic Agents,P08172; P08173; P08908; P08912; P08913; P11229; P14416; P18089; P18825; P20309; P21728; P21917; P21918; P28221; P28222; P28223; P28335; P28566; P34969; P35348; P35367; P35368; P35462; P46098; P50406,Autistic Disorder,"bipolar affective disorder, current episode manic; bipolar disorder in remission; mixed bipolar i disorder; schizophrenia",Mental Health
63,Armodafinil,DB06413,273.36,2.01,1,2,60.16,5,,,Narcolepsy,,Others
64,Artesunate,DB09274,384.43,2.6,1,7,100.52,4,,,"Malaria, Falciparum",,Others
65,Ataluren,DB05016,284.25,3.24,1,4,76.22,3,,,"Muscular Dystrophy, Duchenne",,Others
66,Atazanavir,DB01072,704.87,4.21,5,9,171.22,14,Anti-HIV Agents,,HIV Infections,,Others
67,Atenolol,DB00335,266.34,0.45,3,4,84.58,8,Antihypertensive Agents,P07550; P08588,Angina Pectoris,hypertensive disease; myocardial infarction,Heart
68,Atorvastatin,DB01076,557.64,4.98,3,5,114.62,12,Anticholesteremic Agents,P04035; P27487; P35869,Angina Pectoris,"angina pectoris, variant; arteriosclerosis; cerebrovascular accident; familial hypercholesterolemia - heterozygous; familial hypercholesterolemia - homozygous; hypercholesterolemia; hyperlipidemia, familial combined; hyperlipoproteinemia type iii; hypertensive disease; hypertriglyceridemia",Metabolic
69,Atovaquone,DB01117,366.84,5.51,1,3,54.37,2,,Q02127; Q02768; Q08210,"Malaria, Falciparum",,Others
70,Avanafil,DB06237,483.96,2.43,3,9,125.39,9,,O76074,Erectile dysfunction,,Others
71,Avibactam,DB09060,287.23,-4.86,1,6,133.07,3,,,Intraabdominal Infections,pyelonephritis,Kidney
72,Azathioprine,DB00993,277.27,1.15,1,7,115.42,3,Antirheumatic Agents,P00492,Rheumatoid Arthritis,,Others
73,Azelnidipine,DB09230,582.66,4.69,2,9,137.03,9,,,Hypertensive disease,,Others
74,Azidocillin,DB08795,375.41,1.67,2,5,135.47,5,Anti-Bacterial Agents,P0A3M6; Q75Y35; Q7CRA4; Q8DNB6; Q8DR59,Respiratory Tract Infections,,Others
75,Azilsartan medoxomil,DB08822,568.54,4.71,1,10,155.59,9,Angiotensin Receptor Antagonists,P30556,Hypertensive disease,,Others
76,Azithromycin,DB00207,749.0,1.9,5,14,180.08,7,Anti-Bacterial Agents,P60725; P61177,Acute bacterial bronchitis,"acute bacterial sinusitis; acute exacerbation of chronic bronchitis; acute gonococcal cervicitis; acute gonococcal urethritis; bacterial conjunctivitis; chancroids; chlamydial cervicitis; chlamydial pelvic inflammatory disease; chlamydial pneumonia; chlamydial urethritis; haemophilus influenzae pneumonia; infective otitis media; legionella pneumophila pneumonia; moraxella catarrhalis pneumonia; mycoplasma pneumonia; pelvic inflammatory disease due to mycoplasma hominis; pneumonia due to staphylococcus aureus; pneumonia, bacterial; pulmonary mycobacterium avium complex infection; staphylococcus aureus infection; streptococcal pneumonia; streptococcal tonsillitis; streptococcus pyogenes infection",Ear/Nose/Throat
77,Azlocillin,DB01061,461.5,0.09,4,6,148.15,5,Anti-Bacterial Agents,,Arthropathy associated with infection,aspiration pneumonia; bacterial infection due to klebsiella pneumoniae; bacterial sepsis; enterobacter pneumonia; haemophilus influenzae pneumonia; infection of bone; infection of skin and/or subcutaneous tissue; pneumonia due to escherichia coli; pneumonia due to pseudomonas; serratia infections; urinary tract infection,Infection
78,Aztreonam,DB00355,435.44,-2.22,3,10,206.03,7,Anti-Bacterial Agents,P42971,Bacterial infection due to Klebsiella pneumoniae,bacterial peritonitis; bacterial urinary infection; endometritis; enterobacter pneumonia; enterobacteriaceae infections; escherichia coli infections; escherichia coli septicemia; escherichia coli urinary tract infection; female genital tract infection; haemophilus influenzae pneumonia; infection due to pseudomonas aeruginosa; infection of skin and/or subcutaneous tissue; intraabdominal infections; klebsiella cystitis; lower respiratory tract infection; pelvic inflammatory disease; peritonitis; pneumonia due to escherichia coli; pneumonia due to pseudomonas; proteus pneumonia; proteus septicemia; proteus urinary tract infection; rhinoscleroma; sepsis due to gram negative bacteria; sepsis due to pseudomonas; serratia infections; serratia sepsis; urinary tract infection citrobacter; urinary tract infection,Infection
79,Bacampicillin,DB01602,465.53,1.3,2,9,137.26,7,Penicillins,,Gonorrhea,haemophilus influenzae pneumonia; infection of skin and/or subcutaneous tissue; infective otitis media; pharyngitis; sinusitis; urinary tract infection,Ear/Nose/Throat
80,Bacitracin,DB00626,1422.72,-1.68,17,19,530.87,31,,P01023; P14735,Bacterial keratitis,blepharoconjunctivitis; corneal abrasion; infective blepharitis; keratitis,Eye
81,Baclofen,DB00181,213.66,1.86,2,2,63.32,4,Neuromuscular Agents,O75899; Q9UBS5,Muscle spasticity of spinal origin,,Others
82,Balsalazide,DB01014,357.32,2.71,4,6,148.65,7,"Anti-Inflammatory Agents, Non-Steroidal",P09917; P23219; P35354; P37231,Ulcerative Colitis,,Others
83,Bazedoxifene,DB06401,470.61,6.33,2,4,57.86,7,,,Hot flushes,"osteoporosis, postmenopausal",Bone
84,Beclomethasone,DB00394,521.05,4.09,1,7,106.97,6,Anti-Arrhythmia Agents,P04150,Allergic rhinitis (disorder),"asthma; nasal polyps; rhinitis; rhinitis, vasomotor",Respiratory
85,Bedaquiline,DB08903,555.52,7.13,1,4,45.59,8,Antitubercular Agents,,"Tuberculosis, Drug-Resistant","tuberculosis, pulmonary",Infection
86,Benazepril,DB00542,424.5,2.57,2,5,95.94,9,Angiotensin-Converting Enzyme Inhibitors,P12821,Hypertensive disease,,Others
87,Bendamustine,DB06769,358.27,3.26,1,3,58.36,9,,,Chronic Lymphocytic Leukemia,"lymphoma, follicular",Cancer
88,Bendroflumethiazide,DB00436,421.42,1.63,3,5,118.36,3,Antihypertensive Agents,P00915; P00918; P22748; P55017; Q12791,Hypertensive disease,,Others
89,Benzathine benzylpenicillin,DB09323,909.14,-0.43,4,10,212.3,15,,,Erysipelas,scarlet fever; streptococcal infections; streptococcal pneumonia; streptococcus pyogenes infection,Respiratory
90,Benzyl alcohol,DB06770,108.14,1.18,1,1,20.23,1,"Anesthetics, Local",,Pruritus,skin irritation,Skin
91,Benzylpenicillin,DB01053,334.4,0.86,2,4,86.71,4,Anti-Bacterial Agents,Q2FGH1,Abdominal actinomycosis,"actinomycosis; acute otitis media; anthrax disease; anthrax sepsis; bacterial endocarditis; bejel; botulism; cervicofacial actinomycosis; cutaneous anthrax; early latent syphilis, positive serology, negative cerebrospinal fluid, less than 2 years after infection; erysipelas; fusospirochetal pharyngitis; gonococcal infection disseminated; gas gangrene caused by clostridium perfringens; gastrointestinal anthrax; gingivostomatitis; gonococcal joint infection; granulomatosis infantiseptica; infection by pasteurella multocida; infection due to erysipelothrix rhusiopathiae (disorder); infection of skin and/or subcutaneous tissue; infective otitis media; inhalational anthrax; late latent syphilis; latent yaws; listerial endocarditis; lung abscess; meningitis, listeria; meningitis, pneumococcal; meningococcal meningitis; meningococcemia; neonatal meningitis; neonatal pneumonia; neurosyphilis; pasteurella infections; pharyngitis; pinta; pneumonia, necrotizing; primary genital syphilis; pulmonary actinomycosis; rat-bite fever; scarlet fever; sepsis of the newborn; septicemia due to enterococcus; staphylococcus aureus infection; streptococcal infections; streptococcal endocarditis; streptococcal meningitis; streptococcal pneumonia; streptococcal tonsillitis; streptococcal toxic shock syndrome; streptococcus pyogenes infection; syphilis; syphilis, congenital; syphilis, latent; syphilis, secondary; syphilis, tertiary; tertiary lesion of yaws; tetanus; upper respiratory infections; yaws",Ear/Nose/Throat
92,Bepotastine,DB04890,388.9,4.17,1,4,62.66,8,Mast Cell Stabilizers,P35367,Allergic Conjunctivitis,,Others
93,Besifloxacin,DB06771,393.85,3.14,2,4,88.56,3,Quinolones,P43700; P43702,Bacterial conjunctivitis,,Others
94,Betamethasone,DB00443,392.47,1.9,3,5,94.83,2,Anti-Asthmatic Agents,P04150,Acquired thrombocytopenia,"acute lymphocytic leukemia; addison disease; addisonian crisis; adrenal cortical hypofunction; adrenogenital disorder; allergic rhinitis (disorder); anemia, diamond-blackfan; angioedema; ankylosing spondylitis; arthritis, gouty; arthritis, psoriatic; aspiration pneumonitis; asthma; autoimmune diseases; autoimmune hemolytic anemia; berylliosis; bursitis; cerebral edema; chronic small plaque psoriasis; congenital adrenal hyperplasia; contact dermatitis; cooley's anemia; crohn disease; dermatitis herpetiformis; dermatitis, atopic; dermatologic disorders; disorder of eye; epicondylitis; erythema multiforme; exanthema; exfoliative dermatitis; granuloma annulare; hodgkin disease; humoral hypercalcemia of malignancy (disorder); inflammatory bowel diseases; laryngeal edema; lichen simplex chronicus; lupus erythematosus, discoid; lupus erythematosus, systemic; lymphoma, follicular; lymphoma, non-hodgkin; lymphoma, t-cell, cutaneous; multiple sclerosis; musculoskeletal diseases; mycosis fungoides; nephrotic syndrome; pemphigus; post traumatic osteoarthritis; pruritus ani; pruritus of genital organs; psoriasis; rheumatic heart disease; rheumatoid arthritis; sarcoidosis; scalp dermatoses; scalp psoriasis; seborrheic dermatitis; serum sickness; simple pulmonary eosinophilia; status asthmaticus; synovitis; tendinitis; tenosynovitis; thyroiditis; tinea pedis; tinea corporis (disorder); tinea cruris; transplanted organ rejection; trichinellosis; tuberculosis, miliary",Arthritis
95,Betaxolol,DB00195,307.43,2.39,2,4,50.72,11,Antihypertensive Agents,P07550; P08588,"Glaucoma, Open-Angle",hypertensive disease; ocular hypertension,Heart
96,Bezafibrate,DB01393,361.83,3.55,2,3,75.63,7,Hypolipidemic Agents,P37231; Q03181; Q07869,Hypercholesterolemia,hyperlipidemia,Metabolic
97,Bicalutamide,DB01128,430.38,2.88,2,5,107.26,5,,P10275,Metastatic Prostate Carcinoma,,Others
98,Bimatoprost,DB00905,415.57,3.15,4,4,89.79,12,Anti-glaucoma Agents,P34995; P42330; P43088; P43115,"Glaucoma, Open-Angle",hypertrichosis of eyelid; ocular hypertension,Eye
99,Biotin,DB00121,244.32,0.8,3,3,78.43,5,Vitamin B Complex,O00763; P05165; P05166; P11498; P50747; Q13085; Q96RQ3; Q9HCC0; Q9Y289,Biotin deficiency disease,,Others
100,Biperiden,DB00810,311.47,3.96,1,2,23.47,5,Antiparkinson Agents,P11229; Q15822,Extrapyramidal Disorders,"parkinson disease; parkinson disease, postencephalitic; parkinsonian disorders",Brain
101,Bismuth Subsalicylate,DB01294,362.09,0.21,1,4,55.76,0,Antidiarrheals,,Diarrhea,dyspepsia,Others
102,Bisoprolol,DB00612,325.45,2.37,2,5,59.95,12,Antihypertensive Agents,P07550; P08588,Hypertensive disease,,Others
103,Bleomycin,DB00290,1415.58,-7.7,20,31,627.07,35,"Antibiotics, Antineoplastic",P18858; P49916,Cancer of Head and Neck,"diffuse large b-cell lymphoma; figo stage finding for vulvar carcinoma; hodgkin disease; lymphoma, follicular; lymphoma, non-hodgkin; malignant neoplasm of penis; malignant tumor of cervix; pleural effusion, malignant; squamous cell carcinoma; testicular germ cell tumor",Cancer
104,Boceprevir,DB08873,519.69,1.71,4,5,150.7,8,,,"Hepatitis C, Chronic",,Others
105,Bortezomib,DB00188,384.25,0.36,4,6,124.44,9,,P20618; P28074; P49721; Q13200; Q99460,"Malignant lymphoma, lymphocytic, intermediate differentiation, diffuse",multiple myeloma,Cancer
106,Bosentan,DB00559,551.63,4.2,2,10,145.65,10,Antihypertensive Agents,P24530; P25101,Pulmonary Hypertension,pulmonary arterial hypertension; scleroderma,Heart
107,Bosutinib,DB06616,530.46,5.19,1,8,82.88,9,,P00519; P07948; P08631; P11274; P12931; P24941; P36507; Q02750; Q13555; Q9Y2U5,Blast Phase,"leukemia, myeloid, accelerated phase",Cancer
108,Brexpiprazole,DB09128,433.58,4.72,1,5,48.57,7,,,Major Depressive Disorder,schizophrenia,Mental Health
109,Brinzolamide,DB01194,383.52,0.09,2,7,118.8,7,Anti-glaucoma Agents,P00915; P00918; P22748; P35218,"Glaucoma, Open-Angle",ocular hypertension,Heart
110,Bromfenac,DB00963,334.17,2.89,2,3,80.39,4,,P23219; P35354,Pain,,Others
111,Bromocriptine,DB01200,654.61,3.19,3,6,118.21,5,Hormone Antagonists,P08908; P08913; P14416; P18089; P18825; P21728; P21917; P21918; P25100; P28221; P28222; P28223; P28335; P34969; P35348; P35368; P35462; P41595,Acromegaly,"hyperprolactinemia; parkinson disease; parkinson disease, postencephalitic",Brain
112,Budesonide,DB01222,430.54,2.72,2,6,93.06,4,Corticosteroids,P04150,Allergic rhinitis (disorder),asthma; crohn disease; crohn's disease in remission,Respiratory
113,Bumetanide,DB00887,364.42,3.04,3,5,118.72,8,Diuretics,P13569; P55011; Q13621; Q9H2X9; Q9UP95,Edema,renal disease with edema nos,Kidney
114,Bupivacaine,DB00297,288.44,3.9,1,2,32.34,5,"Anesthetics, Local",P34995; Q9Y5Y9,Pruritus,skin irritation,Skin
115,Bupranolol,DB08808,271.79,2.78,2,3,41.49,5,Antihypertensive Agents,P07550; P08588; P13945,Glaucoma,hypertensive disease,Others
116,Buprenorphine,DB00921,467.65,4.41,2,5,62.16,4,"Analgesics, Opioid",P35372; P41143; P41145,Acute postoperative pain,chronic pain; opiate addiction; severe pain,Pain
117,Bupropion,DB01156,239.75,3.3,1,2,29.1,3,"Antidepressive Agents, Second-Generation",P23975; P32297; Q01959,Depressive disorder,major depressive disorder; nicotine dependence; obesity; seasonal affective disorder,Mental Health
118,Butorphanol,DB00611,327.47,3.37,2,3,43.7,2,"Analgesics, Opioid",P35372; P41143; P41145,Labor Pain,pain,Pain
119,Cabazitaxel,DB06772,835.94,4.57,3,14,202.45,10,Antineoplastic Agents,P68366; Q9H4B7,Metastatic Prostate Carcinoma,,Others
120,Cabergoline,DB00248,451.62,3.19,2,4,71.68,8,Antineoplastic Agents,P07550; P08588; P08908; P08913; P14416; P18089; P18825; P21728; P21917; P21918; P25100; P28221; P28222; P28223; P28335; P34969; P35348; P35368; P35462; P41595,Hyperprolactinemia,,Others
121,Calcidiol,DB00146,400.65,6.73,2,2,40.46,6,Bone Density Conservation Agents,P11473,Hypocalcemia,hypophosphatemia; renal osteodystrophy; rickets,Kidney
122,Calcipotriol,DB02300,412.61,5.09,3,3,60.69,5,Dermatologic Agents,P11473,Chronic small plaque psoriasis,scalp psoriasis,Skin
123,Calcitriol,DB00136,416.65,5.7,3,3,60.69,6,Bone Density Conservation Agents,P11473,Chronic small plaque psoriasis,hypocalcemia; hypoparathyroidism; hypophosphatemia; renal osteodystrophy,Kidney
124,Calcium Gluceptate,DB00326,490.42,-11.31,12,16,323.02,12,Antihypermagnesemic Agents,,Cardiac Arrest,disorder of electrolytes; hyperkalemia; hypermagnesemia; hypocalcemia; hypocalcemic tetany,Others
125,Canagliflozin,DB08907,444.52,2.97,4,6,90.15,5,Antidiabetic Agents,P13866; P31639,"Diabetes Mellitus, Non-Insulin-Dependent",,Others
126,Candesartan,DB00796,440.46,4.03,2,6,118.81,7,Antihypertensive Agents,P30556,Chronic heart failure,hypertensive disease,Others
127,Capecitabine,DB01101,359.35,0.76,3,7,122.91,6,Prodrugs,P04818,Carcinoma breast stage IV,malignant neoplasm of stomach; metastasis from malignant tumor of colon,Cancer
128,Capsaicin,DB06774,305.42,3.79,2,3,58.56,9,,,Arthritic pains,back pain; neuralgia; postherpetic neuralgia; sprains and strains,Pain
129,Captopril,DB01197,217.29,0.63,2,3,57.61,3,Angiotensin-Converting Enzyme Inhibitors,P08253; P09960; P12821; P14780,Chronic heart failure,diabetic nephropathy; hypertensive disease,Kidney
130,Carbamazepine,DB00564,236.27,3.39,1,1,46.33,0,Anticonvulsants,Q14524,"Bipolar affective disorder, current episode manic","bipolar disorder in remission; epilepsies, partial; epilepsy; epilepsy characterized by intractable complex partial seizures; glossopharyngeal neuralgia; lennox-gastaut syndrome; mixed bipolar i disorder; simple partial seizures; tonic - clonic seizures; tonic-clonic epilepsy; trigeminal neuralgia; mixed; epileptic",Brain
131,Carbenicillin,DB00578,378.41,0.49,3,5,124.01,5,Anti-Bacterial Agents,,Bacterial urinary infection,escherichia coli urinary tract infection; proteus urinary tract infection; urinary tract infection enterococcus; urinary tract infection; prostatitis,Urinary
132,Carboprost Tromethamine,DB00429,489.65,-0.96,7,8,189.15,15,,P34995,Postpartum Hemorrhage,unspecified abortion,Others
133,Carfilzomib,DB08889,719.92,2.58,4,8,158.47,20,Antineoplastic Agents,P20618; P28062; P28065; P28074; P40306; P49721,Multiple Myeloma,,Others
134,Cariprazine,DB06016,427.42,4.34,1,3,38.82,5,,,"Bipolar affective disorder, current episode manic",mixed bipolar i disorder; schizophrenia,Mental Health
135,Carmustine,DB00262,214.05,1.16,1,3,61.77,5,"Antineoplastic Agents, Alkylating",P00390,Diffuse Large B-Cell Lymphoma,"glioblastoma multiforme of brain; hodgkin disease; lymphoma, non-hodgkin; malignant glioma; malignant neoplasm of brain; multiple myeloma",Cancer
136,Carteolol,DB00521,292.38,1.7,3,4,70.59,5,Antihypertensive Agents,P07550; P08588,"Glaucoma, Open-Angle",hypertensive disease; ocular hypertension,Heart
137,Carvedilol,DB01136,406.48,3.74,3,5,75.74,10,Antihypertensive Agents,O95298; P07550; P08588; P08913; P15692; P16581; P16860; P17302; P18089; P18825; P19320; P25100; P35348; P35368; Q12809; Q16665,Chronic heart failure,hypertensive disease,Others
138,Caspofungin,DB00520,1093.33,-3.31,16,18,412.03,23,Antifungal Agents,A2QLK4,Candidemia,candidiasis of the esophagus; candidal peritonitis,Others
139,Cefaclor,DB00833,367.81,0.62,3,5,112.73,4,Anti-Bacterial Agents,Q75Y35,Acute Moraxella catarrhalis bronchitis,haemophilus influenzae pneumonia; infection of skin and/or subcutaneous tissue; infective otitis media; lower respiratory tract infection; pharyngitis; pneumonia; staphylococcus aureus infection; streptococcal tonsillitis; tonsillitis; upper respiratory infections; urinary tract infection,Ear/Nose/Throat
140,Cefadroxil,DB01140,363.4,0.15,4,6,132.96,4,Anti-Bacterial Agents,P0A3M6; Q75Y35; Q7CRA4; Q8DR59,Escherichia coli urinary tract infection,infection of skin and/or subcutaneous tissue; klebsiella cystitis; proteus urinary tract infection; staphylococcus aureus infection; streptococcal tonsillitis; streptococcus pyogenes infection; tonsillitis; urinary tract infection,Urinary
141,Cefalotin,DB00456,396.45,0.59,2,7,113.01,6,Anti-Bacterial Agents,P00811; P0A3M6; Q75Y35; Q7CRA4; Q8DNB6; Q8DR59,Arthropathy associated with infection,bacterial infection due to klebsiella pneumoniae; bacterial sepsis; female genital tract infection; genitourinary tract infection; haemophilus influenzae pneumonia; infection of bone; infection of skin and/or subcutaneous tissue; lower respiratory tract infection; pneumonia; urinary tract infection,Infection
142,Cefamandole,DB01326,462.51,-0.23,3,9,150.54,7,Anti-Bacterial Agents,,Arthropathy associated with infection,bacterial infection due to klebsiella pneumoniae; bacterial peritonitis; bacterial sepsis; bacterial urinary infection; enterobacteriaceae infections; escherichia coli infections; escherichia coli septicemia; escherichia coli urinary tract infection; haemophilus influenzae pneumonia; haemophilus sepsis; infection of bone; infection of skin and/or subcutaneous tissue; intraabdominal infections; klebsiella cystitis; lower respiratory tract infection; osteomyelitis due to staphylococcus aureus; peritonitis; pneumonia; pneumonia due to escherichia coli; proteus pneumonia; proteus urinary tract infection; staphylococcal pneumonia; staphylococcal bacteraemia; staphylococcus aureus infection; streptococcal sepsis; streptococcus pyogenes infection; urinary tract infection enterococcus; urinary tract infection,Infection
143,Cefapirin,DB01139,423.47,0.48,2,8,125.9,7,Anti-Bacterial Agents,,Arthropathy associated with infection,bacterial infection due to klebsiella pneumoniae; bacterial sepsis; escherichia coli infections; escherichia coli septicemia; escherichia coli urinary tract infection; haemophilus influenzae pneumonia; infection of bone; infection of skin and/or subcutaneous tissue; klebsiella cystitis; lower respiratory tract infection; osteomyelitis due to staphylococcus aureus; pneumonia; proteus urinary tract infection; rhinoscleroma; staphylococcal pneumonia; staphylococcal bacteraemia; staphylococcal endocarditis; staphylococcus aureus infection; streptococcal endocarditis; streptococcal sepsis; streptococcus pyogenes infection; urinary tract infection,Infection
144,Cefazolin,DB01327,454.52,-0.64,2,11,156.09,7,Anti-Bacterial Agents,P02918; P02919; P0AD65; P0AD68; P27169; P76577,Arthropathy associated with infection,"bacterial sepsis; cholangitis; genitourinary tract infection; infection of bone; infection of skin and/or subcutaneous tissue; lower respiratory tract infection; pneumonia, bacterial; staphylococcal pneumonia",Infection
145,Cefdinir,DB00535,395.42,-0.17,4,9,158.21,5,Anti-Bacterial Agents,P05164,Acute Moraxella catarrhalis bronchitis,haemophilus influenzae pneumonia; haemophilus parainfluenzae pneumonia; infective otitis media; moraxella catarrhalis pneumonia; staphylococcus aureus infection; streptococcal tonsillitis; streptococcus pyogenes infection,Ear/Nose/Throat
146,Cefditoren,DB01066,506.59,1.29,3,11,160.1,7,Anti-Bacterial Agents,P0A3M6,Acute exacerbation of chronic bronchitis,"haemophilus influenzae pneumonia; haemophilus parainfluenzae pneumonia; moraxella catarrhalis pneumonia; pneumonia, bacterial; staphylococcus aureus infection; streptococcal pneumonia; streptococcal tonsillitis; streptococcus pyogenes infection",Infection
147,Cefepime,DB01413,480.57,-1.28,2,10,150.04,7,Anti-Bacterial Agents,P0AD65; P0AD68; Q51504; Q9X6V3,Bacterial infection due to Klebsiella pneumoniae,"enterobacter pneumonia; escherichia coli urinary tract infection; intraabdominal infections; klebsiella cystitis; pyelonephritis e coli; pneumonia due to pseudomonas; pneumonia, bacterial; proteus urinary tract infection; staphylococcus aureus infection; streptococcal pneumonia; streptococcus pyogenes infection",Urinary
148,Cefixime,DB00671,453.46,-0.54,4,10,184.51,8,Anti-Bacterial Agents,P44469,Acute exacerbation of chronic bronchitis,acute gonococcal cervicitis; acute gonococcal urethritis; acute otitis media; bronchitis; escherichia coli urinary tract infection; gonorrhea; infective otitis media; pharyngitis; proteus urinary tract infection; streptococcal tonsillitis; tonsillitis; upper respiratory infections; urinary tract infection,Ear/Nose/Throat
149,Cefmetazole,DB00274,471.55,-0.73,2,11,163.33,9,Anti-Bacterial Agents,P02918; P02919; P08506; P0AD68; P0AEB2,Haemophilus influenzae pneumonia,infection of skin and/or subcutaneous tissue; intraabdominal infections; lower respiratory tract infection; pneumonia; pneumonia due to escherichia coli; staphylococcal pneumonia; urinary tract infection,Respiratory
150,Cefonicid,DB01328,542.58,-0.92,4,11,204.91,9,Anti-Bacterial Agents,P02918; P02919; P0AD65; P0AD68; P24228,Arthropathy associated with infection,bacterial infection due to klebsiella pneumoniae; bacterial sepsis; escherichia coli septicemia; escherichia coli urinary tract infection; haemophilus influenzae pneumonia; infection of bone; infection of skin and/or subcutaneous tissue; klebsiella cystitis; lower respiratory tract infection; osteomyelitis due to staphylococcus aureus; pneumonia; pneumonia due to escherichia coli; proteus urinary tract infection; staphylococcus aureus infection; streptococcal sepsis; streptococcus pyogenes infection; urinary tract infection,Infection
151,Cefotaxime,DB00493,455.47,-0.62,3,11,173.51,7,Anti-Bacterial Agents,P0A3M6; P42971; Q7CRA4; Q8DNB6; Q8DR59,"Arthritis, Bacterial","bacterial infection due to klebsiella pneumoniae; bacterial sepsis; bacterial urinary infection; enterobacter pneumonia; escherichia coli septicemia; escherichia coli urinary tract infection; female genital tract infection; haemophilus influenzae pneumonia; haemophilus influenzae type b infection; haemophilus parainfluenzae pneumonia; infection of bone; infection of skin and/or subcutaneous tissue; intraabdominal infections; klebsiella cystitis; lower respiratory tract infection; meningitis due to klebsiella mobilis; meningitis, bacterial; meningitis, escherichia coli; meningococcal meningitis; neonatal meningitis; neonatal pneumonia; ophthalmia neonatorum; peritonitis; pneumonia due to escherichia coli; pneumonia due to pseudomonas; pneumonia, bacterial; proteus pneumonia; proteus urinary tract infection; sepsis due to staphylococcus aureus; sepsis of the newborn; serratia infections; serratia sepsis; staphylococcal pneumonia; streptococcal meningitis; streptococcal sepsis; urinary tract infection citrobacter; urinary tract infection enterococcus",Infection
152,Cefotetan,DB01330,575.63,-1.4,4,13,219.93,9,Anti-Bacterial Agents,Q75Y35,Acute gonococcal endometritis,"bacterial infection due to klebsiella pneumoniae; bacterial sepsis; endometritis; escherichia coli infections; escherichia coli urinary tract infection; female genital tract infection; haemophilus influenzae pneumonia; infection of skin and/or subcutaneous tissue; intraabdominal infections; klebsiella cystitis; lower respiratory tract infection; osteomyelitis due to staphylococcus aureus; pelvic inflammatory disease; pneumonia due to escherichia coli; pneumonia, bacterial; proteus pneumonia; proteus urinary tract infection; staphylococcal pneumonia; staphylococcus aureus infection; streptococcus pyogenes infection",Infection
153,Cefoxitin,DB01331,427.46,0.1,3,8,148.26,7,Anti-Bacterial Agents,P02918; P02919; P08506; P0A3M6; P0AD68; P0AEB2; P0AFI5; P24228; Q75Y35; Q7CRA4; Q8DNB6; Q8DR59,Abdominal Abscess,"acute gonococcal cervicitis; acute gonococcal endometritis; arthropathy associated with infection; bacterial infection due to klebsiella pneumoniae; bacterial sepsis; endometritis; escherichia coli infections; escherichia coli septicemia; escherichia coli urinary tract infection; female genital tract infection; female pelvic cellulitis; gonorrhea; haemophilus influenzae pneumonia; infection of bone; infection of skin and/or subcutaneous tissue; intraabdominal infections; klebsiella cystitis; lung abscess; osteomyelitis due to staphylococcus aureus; pelvic inflammatory disease; peritonitis; pneumonia due to escherichia coli; pneumonia, bacterial; postoperative infection; proteus urinary tract infection; rhinoscleroma; sepsis due to staphylococcus aureus; septicemia due to bacteroides; staphylococcal pneumonia; staphylococcus aureus infection; streptococcal sepsis; streptococcus pyogenes infection",Infection
154,Cefpodoxime,DB01416,427.46,-0.54,3,10,156.44,7,Anti-Bacterial Agents,P0AD68,Acute Moraxella catarrhalis bronchitis,"acute exacerbation of chronic bronchitis; acute gonococcal cervicitis; acute gonococcal urethritis; acute maxillary sinusitis; acute otitis media; escherichia coli urinary tract infection; gonorrhea; gonorrhea of rectum; haemophilus influenzae pneumonia; infection of skin and/or subcutaneous tissue; infective otitis media; klebsiella cystitis; pharyngitis; pneumonia, bacterial; proteus urinary tract infection; staphylococcus aureus infection; streptococcal pneumonia; streptococcal tonsillitis; streptococcus pyogenes infection; tonsillitis",Ear/Nose/Throat
155,Cefprozil,DB01150,389.43,0.71,4,6,132.96,5,Anti-Bacterial Agents,,Acute Moraxella catarrhalis bronchitis,acute bacterial sinusitis; acute exacerbation of chronic bronchitis; acute otitis media; bronchitis; infection of skin and/or subcutaneous tissue; infective otitis media; staphylococcus aureus infection; streptococcal tonsillitis; streptococcus pyogenes infection; tonsillitis; upper respiratory infections,Ear/Nose/Throat
156,Cefradine,DB01333,349.41,0.35,3,5,112.73,4,Anti-Bacterial Agents,P02918,Acute otitis media,arthropathy associated with infection; bacterial infection due to klebsiella pneumoniae; escherichia coli urinary tract infection; haemophilus influenzae pneumonia; infection of bone; infection of skin and/or subcutaneous tissue; infective otitis media; klebsiella cystitis; lower respiratory tract infection; pharyngitis; pneumonia; proteus urinary tract infection; staphylococcal pneumonia; staphylococcus aureus infection; streptococcal tonsillitis; streptococcus pyogenes infection; tonsillitis; urinary tract infection enterococcus; upper respiratory infections; urinary tract infection; prostatitis,Infection
157,Ceftaroline fosamil,DB06590,684.7,-0.12,4,14,223.24,11,Cephalosporins,,Bacterial infection due to Klebsiella pneumoniae,escherichia coli infections; haemophilus influenzae pneumonia; pneumonia due to escherichia coli; pneumonia due to staphylococcus aureus; rhinoscleroma; staphylococcus aureus infection; streptococcal pneumonia; streptococcus pyogenes infection,Infection
158,Ceftazidime,DB00438,546.59,-1.3,3,11,191.22,9,Anti-Bacterial Agents,P02918; P02919; P0AD65; P0AD68; P72161; Q75Y35; Q8DR59; Q9X6V3; Q9X6W0,Arthropathy associated with infection,"bacterial infection due to klebsiella pneumoniae; bacterial sepsis; bacterial urinary infection; ecthyma gangrenosum; endometritis; enterobacter pneumonia; enterobacteriaceae infections; escherichia coli infections; escherichia coli septicemia; escherichia coli urinary tract infection; gonococcal meningitis; haemophilus influenzae pneumonia; haemophilus sepsis; infection of bone; infection of skin and/or subcutaneous tissue; intraabdominal infections; klebsiella cystitis; lower respiratory tract infection; meningitis, bacterial; meningococcal meningitis; neonatal meningitis; osteomyelitis due to staphylococcus aureus; pelvic inflammatory disease; peritonitis; pneumonia due to escherichia coli; pneumonia due to pseudomonas; pneumonia, bacterial; proteus pneumonia; proteus urinary tract infection; rhinoscleroma; sepsis due to pseudomonas; sepsis due to staphylococcus aureus; serratia sepsis; staphylococcal pneumonia; staphylococcus aureus infection; streptococcal sepsis; streptococcus pyogenes infection",Infection
159,Ceftibuten,DB01415,410.43,-0.05,4,8,162.92,6,Cephalosporins,P02918; P02919; P0AD65; P0AD68,Acute otitis media,infective otitis media; streptococcal tonsillitis; tonsillitis,Ear/Nose/Throat
160,Ceftizoxime,DB01332,383.41,-0.56,3,9,147.21,5,Anti-Bacterial Agents,P02918; P02919; P0AD68,Acute gonococcal cervicitis,acute gonococcal endometritis; acute gonococcal urethritis; arthropathy associated with infection; bacterial infection due to klebsiella pneumoniae; bacterial peritonitis; bacterial sepsis; bacterial urinary infection; enterobacter pneumonia; enterobacteriaceae infections; escherichia coli infections; escherichia coli septicemia; escherichia coli urinary tract infection; gonorrhea; gonorrhea of rectum; haemophilus influenzae pneumonia; infection of bone; infection of skin and/or subcutaneous tissue; intraabdominal infections; klebsiella cystitis; lower respiratory tract infection; meningitis; osteomyelitis due to staphylococcus aureus; pneumonia; pneumonia due to escherichia coli; proteus pneumonia; proteus urinary tract infection; rhinoscleroma; sepsis due to staphylococcus aureus; septicemia due to bacteroides; serratia infections; serratia sepsis; staphylococcal pneumonia; staphylococcus aureus infection; streptococcal meningitis; streptococcal sepsis; streptococcus pyogenes infection; urinary tract infection,Infection
161,Ceftolozane,DB09050,666.7,-3.9,7,15,302.21,12,,,Intraabdominal Infections,urinary tract infection,Urinary
162,Ceftriaxone,DB01212,554.59,-1.61,4,13,214.96,8,Anti-Bacterial Agents,P0A3M6,Acute gonococcal cervicitis,"acute gonococcal endometritis; acute gonococcal urethritis; arthritis, bacterial; arthropathy associated with infection; bacterial infection due to klebsiella pneumoniae; bacterial sepsis; chancroids; endometritis; enterobacter pneumonia; enterobacteriaceae infections; escherichia coli infections; escherichia coli septicemia; escherichia coli urinary tract infection; female genital tract infection; gonococcal infection disseminated; gonococcal endocarditis; gonococcal joint infection; gonococcal meningitis; gonorrhea; gonorrhea of pharynx; gonorrhea of rectum; haemophilus influenzae pneumonia; haemophilus influenzae type b infection; haemophilus parainfluenzae pneumonia; haemophilus sepsis; infection of bone; infection of skin and/or subcutaneous tissue; infective otitis media; intraabdominal infections; klebsiella cystitis; lower respiratory tract infection; meningitis due to klebsiella mobilis; meningitis, bacterial; meningitis, escherichia coli; meningitis, pneumococcal; meningococcal meningitis; pelvic inflammatory disease; pneumonia due to escherichia coli; pneumonia, bacterial; proteus pneumonia; proteus urinary tract infection; rhinoscleroma; salmonella sepsis; septic arthritis haemophilus; serratia infections; staphylococcal pneumonia; staphylococcal bacteraemia; staphylococcal meningitis; streptococcal meningitis; streptococcal sepsis; streptococcus pyogenes infection",Infection
163,Cefuroxime,DB01112,424.39,-0.54,3,9,173.76,7,Anti-Bacterial Agents,,Acute exacerbation of chronic bronchitis,"acute gonococcal cervicitis; acute gonococcal endometritis; acute gonococcal urethritis; acute maxillary sinusitis; acute otitis media; arthropathy associated with infection; bacterial infection due to klebsiella pneumoniae; bacterial sepsis; enterobacteriaceae infections; escherichia coli infections; escherichia coli septicemia; escherichia coli urinary tract infection; gonococcal infection disseminated; gonorrhea; gonorrhea of pharynx; gonorrhea of rectum; haemophilus influenzae pneumonia; haemophilus sepsis; impetigo; infection of bone; infection of skin and/or subcutaneous tissue; infective otitis media; klebsiella cystitis; lower respiratory tract infection; lyme disease; meningitis, bacterial; osteomyelitis due to staphylococcus aureus; pneumonia due to escherichia coli; pneumonia, bacterial; rhinoscleroma; staphylococcal pneumonia; staphylococcal bacteraemia; staphylococcal meningitis; staphylococcus aureus infection; streptococcal meningitis; streptococcal sepsis; streptococcal tonsillitis; streptococcus pyogenes infection",Infection
164,Celecoxib,DB00482,381.38,3.51,1,3,77.98,3,,O15530; P35354,Acute postoperative pain,ankylosing spondylitis; degenerative polyarthritis; dysmenorrhea; rheumatoid arthritis,Arthritis
165,Celiprolol,DB04846,379.5,2.89,3,5,90.9,9,,,Hypertensive disease,,Others
166,Cephalexin,DB00567,347.4,0.44,3,5,112.73,4,Anti-Bacterial Agents,P0A3M6; Q75Y35; Q7CRA4; Q8DNB6; Q8DR59,Acute otitis media,arthropathy associated with infection; escherichia coli urinary tract infection; infection of bone; infection of skin and/or subcutaneous tissue; infective otitis media; klebsiella cystitis; osteomyelitis due to staphylococcus aureus; proteus urinary tract infection; staphylococcus aureus infection; streptococcal tonsillitis; streptococcus pyogenes infection; prostatitis,Urinary
167,Cetirizine,DB00341,388.9,3.15,1,4,53.01,8,Anti-Allergic Agents,P35367,Allergic Conjunctivitis,"allergic rhinitis (disorder); chronic idiopathic urticaria; common cold; hay fever; nasal congestion (finding); rhinitis, vasomotor; rhinorrhea; sneezing",Ear/Nose/Throat
168,Chenodeoxycholic acid,DB06777,392.58,4.48,3,3,77.76,4,Gastrointestinal Agents,Q96RI1,Cholelithiasis,,Others
169,Chloral hydrate,DB01563,165.4,0.67,2,2,40.46,0,,,Sleeplessness,,Others
170,Chlorambucil,DB00291,304.22,3.38,1,2,40.54,9,"Antineoplastic Agents, Alkylating",,Chronic Lymphocytic Leukemia,"hodgkin disease; lymphoma, follicular",Cancer
171,Chloramphenicol,DB00446,323.13,0.91,3,5,112.7,6,Anti-Bacterial Agents,P08174; P0ADY7,Boutonneuse Fever,meningococcal meningitis; otitis externa; paratyphoid fever; rickettsia infections; salmonella infections; streptococcal meningitis; typhoid fever,Ear/Nose/Throat
172,Chlordiazepoxide,DB00475,299.76,2.95,1,3,50.46,1,Anti-Anxiety Agents,,Alcohol Withdrawal Delirium,alcohol withdrawal syndrome; anxiety; irritable bowel syndrome; mixed anxiety and depressive disorder; peptic ulcer; severe anxiety (panic),Stomach
173,Chlormezanone,DB01178,273.74,1.62,0,3,54.45,1,Anti-Anxiety Agents,P30536,Anxiety,,Others
174,Chlorothiazide,DB00880,295.73,0.13,2,5,118.69,1,Antihypertensive Agents,P00915; P00918; P22748; P55017,Chronic heart failure,edema; hypertensive disease; hypertensive urgency,Others
175,Chloroxine,DB01243,214.05,3.25,1,2,33.12,0,Anti-seborrheic Agents,,Scurfiness of scalp,seborrheic dermatitis,Skin
176,Chlorphenesin,DB00856,202.64,1.07,2,3,49.69,4,"Muscle Relaxants, Central",,Muscle Spasticity,,Others
177,Chlortetracycline,DB09093,478.89,1.49,7,9,182.61,2,,,Ophthalmia Neonatorum,trachoma,Others
178,Chlorthalidone,DB00310,338.77,0.92,3,4,109.49,2,Antihypertensive Agents,Q13621,Edema,hypertensive disease,Others
179,Chlorzoxazone,DB00356,169.57,1.77,1,2,46.0,0,"Muscle Relaxants, Central",Q12791,Muscle Spasticity,,Others
180,Cholecalciferol,DB00169,384.65,7.62,1,1,20.23,6,Bone Density Conservation Agents,P11473,Hypocalcemia,"hypoparathyroidism; osteomalacia; osteoporosis; osteoporosis, postmenopausal; rickets; vitamin d-dependent rickets; vitamin deficiency",Bone
181,Cholic Acid,DB02659,408.58,3.45,4,4,97.99,4,,P00326; P00395; P00403; P00414; P04054; P09669; P10176; P10606; P13073; P14854; P15954; P20674; P22830; P23141; P24310; P24311; P51161; P54965; P62508; Q02221; Q7KZA3,3-Beta-hydroxy-delta-5-C27-steroid dehydrogenase deficiency,"biliary tract diseases; cholelithiasis; constipation; delta-4-3-oxosteroid-5-beta-reductase deficiency; incomplete passage of stool; xanthomatosis, cerebrotendinous",Stomach
182,Choline,DB00122,104.17,-0.32,1,1,20.23,2,Lipotropic Agents,O14939; P06276; P22303; P49585; Q13393; Q8TCT1; Q9Y5K3,Sleeplessness,,Others
183,Ciclesonide,DB01410,540.7,4.7,1,7,99.13,5,,P04150,Allergic rhinitis (disorder),asthma; hay fever,Respiratory
184,Ciclopirox,DB01188,207.27,2.44,1,2,42.23,1,Antifungal Agents,P05023,Cutaneous Candidiasis,onychomycosis; scurfiness of scalp; seborrheic dermatitis; tinea pedis; tinea versicolor; tinea corporis (disorder); tinea cruris,Skin
185,Cilastatin,DB01597,358.46,1.43,4,5,129.72,11,,P16444,Abdominal Abscess,"acute exacerbation of chronic bronchitis; arthropathy associated with infection; bacterial infection due to klebsiella pneumoniae; bacterial sepsis; diabetic foot infection; endometritis; enterobacter pneumonia; female genital tract infection; haemophilus influenzae pneumonia; infection of bone; infection of skin and/or subcutaneous tissue; intraabdominal infections; lower respiratory tract infection; pelvic inflammatory disease; peritonitis; pneumonia due to escherichia coli; pneumonia, bacterial",Infection
186,Cilazapril,DB01340,417.51,1.6,2,6,99.18,8,Angiotensin-Converting Enzyme Inhibitors,P12821,Hypertensive disease,,Others
187,Cilostazol,DB01166,369.47,3.46,1,5,81.93,7,Fibrinolytic Agents,Q14432,Intermittent Claudication,,Others
188,Cimetidine,DB00501,252.35,0.6,3,4,88.89,5,Adjuvants,P25021,Duodenal Ulcer,"dyspepsia; gastric ulcer; gastroesophageal reflux disease; heartburn; mastocytosis, systemic; multiple endocrine neoplasia; upper gastrointestinal hemorrhage; zollinger-ellison syndrome",Stomach
189,Cinchocaine,DB00527,343.47,3.49,1,4,54.46,10,"Anesthetics, Local",P62158; Q14524; Q9Y5Y9,Pruritus,skin irritation,Skin
190,Cinoxacin,DB00827,262.22,0.84,1,5,90.65,2,,P43700,Urinary tract infection,,Others
191,Ciprofloxacin,DB00537,331.35,1.58,2,4,74.57,3,Anti-Infective Agents,P11388; P43700; P43702,Abdominal Abscess,"acute moraxella catarrhalis bronchitis; acute gonococcal cervicitis; acute gonococcal urethritis; acute maxillary sinusitis; acute osteomyelitis; anthrax disease; arthropathy associated with infection; bacterial conjunctivitis; bacterial infection due to klebsiella pneumoniae; bacterial urinary infection; chancroids; chronic bacterial prostatitis; cystitis; cystitis escherichia; enteric campylobacteriosis; enterobacter pneumonia; enterobacteriaceae infections; escherichia coli infections; escherichia coli septicemia; escherichia coli urinary tract infection; haemophilus influenzae pneumonia; haemophilus parainfluenzae pneumonia; infection of bone; infection of skin and/or subcutaneous tissue; infective cystitis; infective otitis externa; intraabdominal infections; klebsiella cystitis; lower respiratory tract infection; malignant otitis externa due to pseudomonas aeruginosa; nosocomial pneumonia; otitis externa; pyelonephritis e coli; pneumonia due to escherichia coli; pneumonia due to pseudomonas; pneumonia, bacterial; proteus pneumonia; proteus urinary tract infection; rhinoscleroma; shigella infections; staphylococcus aureus infection; streptococcus pyogenes infection; traveler's diarrhea; typhoid fever; urinary tract infection citrobacter; urinary tract infection enterococcus; prostatitis",Infection
192,Cisapride,DB00604,465.95,3.36,2,6,86.05,9,Serotonin Receptor Agonists,P28223; P46098; Q12809; Q13639,Gastroesophageal reflux disease,,Others
193,Cladribine,DB00242,285.69,-0.3,3,7,119.31,2,Antineoplastic Agents,P00491; P09884; P23921; P31350; P56282; Q07864; Q7LG56; Q9NR33; Q9NRF9,Hairy Cell Leukemia,,Others
194,Clarithromycin,DB01211,747.96,2.44,4,14,182.91,8,Anti-Bacterial Agents,P0A7J6,Acute Moraxella catarrhalis bronchitis,"acute bacterial bronchitis; acute bacterial sinusitis; acute exacerbation of chronic bronchitis; acute maxillary sinusitis; acute otitis media; chlamydial pneumonia; haemophilus influenzae pneumonia; haemophilus parainfluenzae pneumonia; helicobacter-associated gastritis; infection of skin and/or subcutaneous tissue; infective otitis media; moraxella catarrhalis pneumonia; mycoplasma pneumonia; pneumonia, bacterial; pulmonary mycobacterium avium complex infection; staphylococcus aureus infection; streptococcal pneumonia; streptococcal tonsillitis; streptococcus pyogenes infection",Ear/Nose/Throat
195,Clavulanate,DB00766,199.16,-1.1,2,4,87.07,2,Enzyme Inhibitors,P00807,Acute bacterial sinusitis,"bacterial infection due to klebsiella pneumoniae; bacterial sepsis; bacterial urinary infection; escherichia coli infections; escherichia coli septicemia; escherichia coli urinary tract infection; haemophilus influenzae pneumonia; haemophilus parainfluenzae pneumonia; infection of skin and/or subcutaneous tissue; infective otitis media; klebsiella cystitis; moraxella catarrhalis pneumonia; osteomyelitis due to staphylococcus aureus; pneumonia due to klebsiella pneumoniae; pneumonia due to staphylococcus aureus; pneumonia, bacterial; rhinoscleroma; sepsis due to pseudomonas; sepsis due to staphylococcus aureus; staphylococcal pneumonia; staphylococcus aureus infection; streptococcal pneumonia; urinary tract infection citrobacter; urinary tract infection",Infection
196,Clidinium,DB00771,352.45,2.7,1,3,46.53,4,Anti-Arrhythmia Agents,P11229,Enterocolitis,irritable bowel syndrome,Stomach
197,Clindamycin,DB01190,424.99,0.39,4,7,102.26,7,Anti-Bacterial Agents,P0A7J6,Acne Vulgaris,"arthropathy associated with infection; aspiration pneumonia; bacterial vaginosis; bacterial sepsis; empyema, pleural; gas gangrene caused by clostridium perfringens; infection of bone; infection of skin and/or subcutaneous tissue; intraabdominal infections; osteomyelitis due to staphylococcus aureus; pelvic inflammatory disease; septicemia due to anaerobes; staphylococcal pneumonia; staphylococcal bacteraemia; staphylococcus aureus infection; streptococcal pneumonia; streptococcal sepsis; streptococcus pyogenes infection",Infection
198,Clobazam,DB00349,300.75,3.37,0,2,40.62,1,Anticonvulsants,,Lennox-Gastaut syndrome,,Others
199,Clobetasol propionate,DB01013,466.98,4.1,1,5,80.67,4,Anti-Inflammatory Agents,P04150,Chronic small plaque psoriasis,contact dermatitis; inflammatory dermatosis; nummular eczema; scalp dermatoses; scalp psoriasis; seborrheic dermatitis,Skin
200,Clocortolone,DB00838,410.91,3.0,2,4,74.6,2,Corticosteroids,P04150,Chronic small plaque psoriasis,"contact dermatitis; exanthema; granuloma annulare; lichen simplex chronicus; lupus erythematosus, discoid; lymphoma, t-cell, cutaneous; pruritus ani; pruritus of genital organs; scalp psoriasis; seborrheic dermatitis",Skin
201,Clofarabine,DB00631,303.68,-0.35,3,7,119.31,2,Purine analogues,P09884; P23921,Acute lymphocytic leukemia,,Others
202,Clofazimine,DB00845,473.41,7.49,1,3,42.21,4,"Anti-Inflammatory Agents, Non-Steroidal",,Dapsone resistant mycobacterium leprae disease,"erythema nodosum leprosum; leprosy; leprosy, multibacillary; pyoderma gangrenosum",Others
203,Clofedanol,DB04837,289.81,3.53,1,2,23.47,5,Histamine Antagonists,P35367,Allergic rhinitis (disorder),"common cold; coughing; nasal congestion (finding); rhinitis; rhinitis, vasomotor; rhinorrhea",Respiratory
204,Clonazepam,DB01068,315.72,3.04,1,4,84.6,2,Anticonvulsants,P30536,Absence Epilepsy,"epilepsies, myoclonic; epileptic drop attack; lennox-gastaut syndrome; panic disorder",Mental Health
205,Clorazepate,DB00628,314.73,2.58,2,3,78.76,2,,P30536,Alcohol withdrawal syndrome,anxiety,Mental Health
206,Cloxacillin,DB01147,435.89,2.55,2,6,112.74,4,Penicillins,P00811; P0AEB3; Q51504; Q8DNB6,Infection of skin AND/OR subcutaneous tissue,lower respiratory tract infection; pharyngitis; sinusitis; staphylococcal pneumonia; staphylococcal bacteraemia; staphylococcal meningitis; staphylococcus aureus infection,Ear/Nose/Throat
207,Clozapine,DB00363,326.83,3.72,1,4,30.87,0,Antipsychotic Agents,P08172; P08173; P08908; P08912; P08913; P11229; P14416; P18089; P18825; P20309; P21728; P21917; P28221; P28222; P28223; P28335; P28566; P34969; P35348; P35367; P35368; P35462; P46098; P50406; Q9H3N8; Q9NYX4,Treatment-resistant schizophrenia,,Others
208,Cobicistat,DB09065,776.04,6.0,3,10,138.02,19,,,HIV Infections,,Others
209,Cobimetinib,DB05239,531.32,3.78,3,4,64.6,4,,Q02750,"Malignant melanoma, metastatic",,Others
210,Codeine,DB00318,299.37,1.5,1,4,41.93,1,"Analgesics, Opioid",P35372; P41143; P41145,Allergic rhinitis (disorder),common cold; coughing; fever; headache disorders; influenza-like symptoms; nasal congestion (finding); pain; rhinitis; rhinorrhea; sneezing; sore throat; tension headache,Pain
211,Colchicine,DB01394,399.44,2.87,1,6,83.09,5,Gout Suppressants,P07437; Q9H4B7,Chronic gouty arthritis,familial mediterranean fever; gout,Arthritis
212,Colfosceril palmitate,DB09114,734.05,10.61,0,8,111.19,38,,,"Respiratory Distress Syndrome, Newborn",,Others
213,Colistimethate,DB01111,1634.9,-9.77,18,33,706.71,44,Anti-Bacterial Agents,,Infection caused by Enterobacter,klebsiella infections; pseudomonas aeruginosa infection,Infection
214,Colistin,DB00803,1155.45,-5.83,18,18,490.66,28,Anti-Bacterial Agents,,Infection caused by Enterobacter,klebsiella infections; otitis externa; pseudomonas aeruginosa infection,Infection
215,Conivaptan,DB00872,498.59,6.51,2,3,78.09,4,,P30518; P37288,Hyponatremia,,Others
216,Conjugated Estrogens,DB00286,372.42,-0.05,0,5,83.5,2,Estrogens,P03372,Dyspareunia,hot flushes,Others
217,Cortisone acetate,DB01380,402.49,2.56,1,6,97.74,3,Corticosteroids,P04150,Acne Vulgaris,"acquired thrombocytopenia; acute lymphocytic leukemia; addison disease; addisonian crisis; adrenal cortical hypofunction; adrenogenital disorder; allergic conjunctivitis; allergic rhinitis (disorder); anemia, diamond-blackfan; angioedema; ankylosing spondylitis; aphthous stomatitis; arthritis, gouty; arthritis, psoriatic; aspiration pneumonitis; asthma; autoimmune diseases; autoimmune hemolytic anemia; bacterial keratitis; berylliosis; blepharoconjunctivitis; bursitis; cerebral edema; chronic small plaque psoriasis; chronic ulcerative proctitis; congenital adrenal hyperplasia; contact dermatitis; cooley's anemia; corneal ulcer; corneal abrasion; crohn disease; cyclitis; dermatitis herpetiformis; dermatologic disorders; disorder of eye; epicondylitis; erythema multiforme; exanthema; exfoliative dermatitis; gingival diseases; granuloma annulare; hemorrhoids; herpes zoster keratitis; hodgkin disease; humoral hypercalcemia of malignancy (disorder); infective blepharitis; infective otitis externa; inflammatory bowel diseases; inflammatory dermatosis; iridocyclitis; iritis; itching of ear; keratitis; laryngeal edema; lichen simplex chronicus; lupus erythematosus, discoid; lupus erythematosus, systemic; lymphoma, follicular; lymphoma, non-hodgkin; lymphoma, t-cell, cutaneous; malignant otitis externa due to pseudomonas aeruginosa; multiple sclerosis; musculoskeletal diseases; mycosis fungoides; nephrotic syndrome; otitis externa; pemphigus; post traumatic osteoarthritis; proctitis; pruritus ani; pruritus of genital organs; psoriasis; punctate keratopathy; recurrent herpes simplex labialis; rheumatic heart disease; rheumatoid arthritis; rosacea; sarcoidosis; scalp psoriasis; seborrheic dermatitis; serum sickness; simple pulmonary eosinophilia; status asthmaticus; synovitis; tendinitis; tenosynovitis; thyroiditis; tinea pedis; tinea corporis (disorder); tinea cruris; transplanted organ rejection; trichinellosis; tuberculosis, miliary; ulcerative colitis; uveitis",Stomach
218,Cromoglicic acid,DB01003,468.37,2.11,3,9,173.71,8,Anti-Asthmatic Agents,P25815; Q12791,Allergic Conjunctivitis,"allergic keratoconjunctivitis; allergic rhinitis (disorder); asthma; conjunctivitis, giant papillary; conjunctivitis, vernal; keratoconjunctivitis, vernal; mastocytosis, systemic",Respiratory
219,Cyclacillin,DB01000,341.43,0.28,3,5,112.73,3,Anti-Bacterial Agents,Q75Y35; Q8DR59,Bronchitis,infection of skin and/or subcutaneous tissue; infective otitis media; pharyngitis; urinary tract infection,Ear/Nose/Throat
220,Cyclopentolate,DB00979,291.39,2.18,1,4,49.77,6,Muscarinic Antagonists,P11229,Cycloplegia,mydriasis,Others
221,Cyclophosphamide,DB00531,261.09,1.88,1,2,41.57,5,Antirheumatic Agents,,Lymphoma,multiple myeloma; mycosis fungoides; neuroblastoma; retinoblastoma,Cancer
222,Cycloserine,DB00260,102.09,-1.62,2,3,64.35,0,Antimetabolites,P0A6J8,Acute tuberculosis,"bacterial urinary infection; escherichia coli urinary tract infection; tuberculosis, pulmonary",Infection
223,Cyclosporine,DB00091,1202.63,3.27,5,12,278.8,15,Antirheumatic Agents,P30405; P49069; P62937; Q96LZ3,Dry Eye Syndromes,keratoconjunctivitis sicca; rheumatoid arthritis,Arthritis
224,Cycrimine,DB00942,287.45,3.94,1,2,23.47,5,Antidyskinetics,P11229,Parkinson Disease,,Others
225,Cysteamine,DB00847,77.15,-0.13,2,2,26.02,1,Radiation-Protective Agents,P49146; P61278,Nephropathic cystinosis,,Others
226,Cytarabine,DB00987,243.22,-2.56,4,7,130.83,2,Antiviral Agents,P06746,Acute Promyelocytic Leukemia,"acute lymphocytic leukemia; leukemia, myelocytic, acute; meningeal leukemia; metastatic malignant neoplasm to the leptomeninges",Cancer
227,Dabrafenib,DB08912,519.57,5.36,2,7,110.86,5,,P04049; P15056; P53667; P57059; Q8NG66,"Malignant melanoma, metastatic",,Others
228,Dacarbazine,DB00851,182.19,0.07,2,4,99.73,3,"Antineoplastic Agents, Alkylating",P52209; Q14181,Hodgkin Disease,"malignant melanoma, metastatic",Cancer
229,Daclatasvir,DB09102,811.81,7.47,4,8,181.62,11,,,"Hepatitis C, Chronic",,Others
230,Dactinomycin,DB00970,1255.44,0.73,5,18,359.98,8,Anti-Bacterial Agents,,Ewings sarcoma,gestational trophoblastic neoplasms; nephroblastoma; rhabdomyosarcoma,Cancer
231,Dalbavancin,DB06219,1816.72,4.17,21,29,572.51,22,,,Infection of skin AND/OR subcutaneous tissue,"skin diseases, bacterial; staphylococcal skin infections",Infection
232,Dalfampridine,DB06637,94.12,0.66,1,2,38.91,0,Potassium Channel Blockers,P16389; P17658; P22001; P22459; P22460; P48547; Q09470; Q14003; Q14721; Q16322; Q92953; Q96PR1; Q96RP8; Q9NSA2; Q9NZV8; Q9UK17,Multiple Sclerosis,,Others
233,Dalfopristin,DB01764,690.86,2.27,2,11,176.42,7,Anti-Bacterial Agents,,Streptococcus pyogenes infection,,Others
234,Danazol,DB01406,337.46,4.22,1,3,46.26,0,,P03372; P06401; P10275; P13500; P30968,Breast Fibrocystic Disease,endometriosis,Reproductive
235,Dantrolene,DB01219,314.26,1.74,1,6,118.05,4,"Muscle Relaxants, Central",P21817,Malignant hyperpyrexia due to anesthesia,muscle spasticity; muscle spasticity of spinal origin,Others
236,Dapagliflozin,DB06292,502.99,0.38,6,8,171.34,7,sodium-glucose cotransporter 2 inhibitor ,P31639,"Diabetes Mellitus, Non-Insulin-Dependent",,Others
237,Darifenacin,DB00496,426.56,3.96,1,3,55.56,7,Antispasmodic Agents,P08172; P08173; P08912; P11229; P20309,Bladder muscle dysfunction - overactive,increased frequency of micturition; urge incontinence; urgency of micturition,Others
238,Darunavir,DB01264,547.67,2.38,3,8,140.42,11,HIV Protease Inhibitors,,HIV Infections,,Others
239,Dasabuvir,DB09183,493.59,4.02,2,5,110.26,5,,,"Hepatitis C, Chronic",,Others
240,Dasatinib,DB01254,488.02,3.31,3,9,106.51,7,,P00519; P06239; P06241; P07947; P09619; P10721; P12931; P29317; P42684; P51692,Blast Phase,"leukemia, myeloid, accelerated phase; leukemia, myeloid, chronic-phase; philadelphia chromosome positive chronic myelogenous leukemia; philadelphia chromosome-positive acute lymphoblastic leukemia",Cancer
241,Daunorubicin,DB00694,527.53,1.03,5,11,185.84,4,"Antibiotics, Antineoplastic",P11388; Q02880,Acute Erythroblastic Leukemia,"acute promyelocytic leukemia; acute lymphocytic leukemia; acute monocytic leukemia; kaposi sarcoma; leukemia, myelocytic, acute",Cancer
242,Decitabine,DB01262,228.21,-2.14,3,7,123.49,2,Enzyme Inhibitors,P26358,"Leukemia, Myelocytic, Acute",,Others
243,Deferasirox,DB01609,373.37,3.71,3,5,108.47,4,Iron Chelating Agents,,Chronic iron overload,beta thalassemia,Others
244,Deferiprone,DB08826,139.15,0.4,1,2,42.23,0,Chelating Agents,,Iron Overload,beta thalassemia,Others
245,Deferoxamine,DB00746,560.69,0.92,6,9,205.84,23,Chelating Agents,,Chronic iron overload,poisoning by iron and/or its compounds,Others
246,Delavirdine,DB00705,456.57,2.72,3,6,110.43,6,Reverse Transcriptase Inhibitors,,HIV Infections,,Others
247,Demeclocycline,DB00618,464.86,0.26,6,9,181.62,2,Anti-Bacterial Agents,P0A7V8; P0A7X3,Actinomycosis,acute gonococcal cervicitis; acute gonococcal endometritis; acute gonococcal urethritis; bronchitis; brucellosis; chancroids; gingivostomatitis; gonorrhea; gonorrhea of pharynx; gonorrhea of rectum; granuloma inguinale; infection of skin and/or subcutaneous tissue; infective otitis media; klebsiella cystitis; lymphogranuloma venereum; pharyngitis; pneumonia; psittacosis; q fever; relapsing fever; rickettsialpox; rocky mountain spotted fever; sinusitis; staphylococcus aureus infection; syphilis; typhus; trachoma; urinary tract infection; yaws; pharyngitis due to haemophilus influenzae,Ear/Nose/Throat
248,Deoxycholic Acid,DB03619,392.58,4.48,3,3,77.76,4,,,Excess subcutaneous fat,,Others
249,Desmopressin,DB00035,1069.24,-4.13,14,15,435.41,19,Antidiuretic Agents,P30518; P37288; P47901,Bedwetting,hemophilia a; von willebrand disease,Blood
250,Desonide,DB01260,416.51,2.33,2,6,93.06,2,,P04150,Allergic rhinitis (disorder),"asthma; chronic small plaque psoriasis; contact dermatitis; crohn disease; crohn's disease in remission; exanthema; granuloma annulare; lichen simplex chronicus; lupus erythematosus, discoid; lymphoma, t-cell, cutaneous; otitis externa; pruritus ani; pruritus of genital organs; scalp psoriasis; seborrheic dermatitis",Skin
251,Desoximetasone,DB00547,376.47,2.78,2,4,74.6,2,,P04150,Chronic small plaque psoriasis,"contact dermatitis; dermatitis, atopic; exanthema; granuloma annulare; lichen simplex chronicus; lupus erythematosus, discoid; lymphoma, t-cell, cutaneous; pruritus ani; pruritus of genital organs; scalp psoriasis; seborrheic dermatitis",Skin
252,Desvenlafaxine,DB06700,263.38,2.73,2,3,43.7,4,Serotonin Uptake Inhibitors,P23975; P31645,Major Depressive Disorder,,Others
253,Dexamethasone,DB01234,392.47,1.9,3,5,94.83,2,"Antineoplastic Agents, Hormonal",P04083; P04150; P35228; P51843,Acquired thrombocytopenia,"acute lymphocytic leukemia; addison disease; addisonian crisis; adrenal cortical hypofunction; adrenogenital disorder; allergic conjunctivitis; allergic otitis externa; allergic rhinitis (disorder); anemia, diamond-blackfan; angioedema; ankylosing spondylitis; anterior uveitis; arthritis, gouty; arthritis, psoriatic; asthma; autoimmune hemolytic anemia; bacterial keratitis; berylliosis; blepharoconjunctivitis; branch retinal vein occlusion with macular edema; burkitt lymphoma; bursitis; central retinal vein occlusion with macular edema; cerebral edema; chronic small plaque psoriasis; contact dermatitis; cooley's anemia; corneal perforation; corneal ulcer; corneal abrasion; crohn disease; cyclitis; dermatitis herpetiformis; dermatitis, atopic; dermatologic disorders; diffuse large b-cell lymphoma; disorder of eye; epicondylitis; erythema multiforme; exacerbation of asthma; exanthema; exfoliative dermatitis; granuloma annulare; herpes zoster keratitis; hodgkin disease; humoral hypercalcemia of malignancy (disorder); infective blepharitis; inflammatory bowel diseases; iridocyclitis; iritis; keloid; keratitis; laryngeal edema; lichen simplex chronicus; lupus erythematosus, discoid; lupus erythematosus, systemic; lymphoma, follicular; lymphoma, non-hodgkin; lymphoma, t-cell, cutaneous; malignant otitis externa due to pseudomonas aeruginosa; multiple myeloma; multiple sclerosis; musculoskeletal diseases; mycosis fungoides; nephrotic syndrome; otitis externa; pemphigus; pruritus ani; pruritus of genital organs; psoriasis; punctate keratitis; punctate keratopathy; rheumatic heart disease; rheumatoid arthritis; rosacea; sarcoidosis; scalp psoriasis; seborrheic dermatitis; serum sickness; simple pulmonary eosinophilia; tenosynovitis; thyroiditis; transplanted organ rejection; trichinellosis; tuberculosis, miliary; uveitis",Cancer
254,Dextrothyroxine,DB00509,776.87,4.56,3,4,92.78,5,Hypolipidemic Agents,P07202; P10827; P10828,Hyperlipidemia,,Others
255,Dezocine,DB01209,245.37,3.11,2,2,46.25,0,"Analgesics, Opioid",P35372; P41145,Pain,,Others
256,Diazoxide,DB01119,230.68,1.87,1,3,58.53,0,Sodium Chloride Symporter Inhibitors,P00915; P00918; P05023; P55017; Q12791; Q14654,Hyperinsulinism,hypertensive emergency; hypertensive urgency; nesidioblastosis; insulinoma,Others
257,Diclofenac,DB00586,296.15,4.36,2,2,49.33,4,"Anti-Inflammatory Agents, Non-Steroidal",O43525; O43526; P09917; P14555; P23219; P35354; P35499; P78348,Actinic keratosis,"ankylosing spondylitis; degenerative polyarthritis; dysmenorrhea; osteoarthritis, knee; pain; rheumatoid arthritis; sprains and strains",Arthritis
258,Dicloxacillin,DB00485,470.33,3.2,2,6,112.74,4,Anti-Bacterial Agents,P0A3M6; Q75Y35; Q7CRA4; Q8DNB6; Q8DR59,Infection of skin AND/OR subcutaneous tissue,staphylococcal pneumonia; staphylococcus aureus infection,Respiratory
259,Dicoumarol,DB00266,336.3,2.9,2,6,100.88,2,Anticoagulants,P15559; Q08257; Q9BQB6,Cerebral Embolism,myocardial infarction; thromboembolism; thrombosis,Heart
260,Didanosine,DB00900,236.23,-0.21,2,5,93.03,2,Anti-HIV Agents,P00491,HIV Infections,,Others
261,Dienestrol,DB00890,266.34,4.6,2,2,40.46,3,"Estrogens, Non-Steroidal",P03372,Atrophic Vaginitis,atrophy of vulva; dyspareunia,Others
262,Diethylpropion,DB00937,205.3,2.6,0,2,20.31,5,Appetite Depressants,P23975; Q01959,Obesity,,Others
263,Difenoxin,DB01501,424.54,5.0,1,3,64.33,7,,,Diarrhea,,Others
264,Diflorasone,DB00223,410.46,1.84,3,5,94.83,2,Anti-Inflammatory Agents,P04150,Chronic small plaque psoriasis,"contact dermatitis; dermatitis, atopic; exanthema; granuloma annulare; lichen simplex chronicus; lupus erythematosus, discoid; lymphoma, t-cell, cutaneous; pruritus ani; pruritus of genital organs; scalp psoriasis; seborrheic dermatitis",Skin
265,Diflunisal,DB00861,250.2,3.04,2,2,57.53,2,"Anti-Inflammatory Agents, Non-Steroidal",P23219; P35354,Chronic pain,degenerative polyarthritis; pain; rheumatoid arthritis,Arthritis
266,Digoxin,DB00390,780.95,2.22,6,14,203.06,7,Enzyme Inhibitors,P05023,Atrial Fibrillation,chronic heart failure; poisoning by digitalis glycoside,Heart
267,Dihydrocodeine,DB01551,301.39,1.73,1,4,41.93,1,"Analgesics, Opioid",,Allergic rhinitis (disorder),common cold; coughing; nasal congestion (finding); pain; rhinitis; rhinorrhea,Pain
268,Dihydroergotamine,DB00320,583.69,2.08,3,6,118.21,4,Vasoconstrictor Agents,P08913; P28221; P28222; P41595,Cluster Headache,migraine disorders; vascular headaches,Pain
269,Dihydrotachysterol,DB01070,398.68,7.72,1,1,20.23,5,Bone Density Conservation Agents,P11473,Hypocalcemia,hypoparathyroidism; hypophosphatemia; rickets; tetany,Endocrine
270,Diiodohydroxyquinoline,DB09115,396.95,3.15,1,2,33.12,0,,,Amebiasis,,Others
271,Diloxanide,DB08792,328.15,3.27,0,4,59.75,4,Amebicides,,Amebiasis,,Others
272,Diltiazem,DB00343,414.53,3.37,0,6,59.08,6,,Q06432,Angina Pectoris,"angina pectoris, variant; atrial fibrillation; hypertensive disease; paroxysmal supraventricular tachycardia",Heart
273,Dimercaprol,DB06782,124.23,0.21,3,3,20.23,2,Chelating Agents,,Accidental poisoning by lead and its compounds and fumes,arsenic poisoning,Others
274,Dinoprostone,DB00917,352.47,3.25,3,4,94.83,12,Oxytocics,P34995; P35408; P43115; P43116,"Hydatidiform mole, benign",incomplete spontaneous abortion; unspecified abortion,Others
275,Diphenidol,DB01231,309.45,4.19,1,2,23.47,6,Antiemetics,P08172; P11229; P20309,Vertigo,,Others
276,Dipivefrin,DB00449,351.44,2.84,2,6,84.86,5,Adrenergic Agonists,P06276; P07550; P08913; P22303; P35348,"Glaucoma, Open-Angle",,Others
277,Dipyridamole,DB00975,504.64,-0.02,4,12,145.44,12,Platelet Aggregation Inhibitors,O76074; P00813; P27815; Q9Y233,Atrial Fibrillation,chronic heart failure; platelet aggregation inhibition,Heart
278,Dirithromycin,DB00954,835.09,2.2,5,16,196.33,12,Anti-Infective Agents,,Acute Moraxella catarrhalis bronchitis,bronchitis; infection of skin and/or subcutaneous tissue; legionella pneumophila pneumonia; mycoplasma pneumonia; pharyngitis; pneumonia; staphylococcus aureus infection; streptococcal tonsillitis; streptococcus pyogenes infection; tonsillitis,Respiratory
279,Disopyramide,DB00280,339.48,3.36,1,3,59.22,8,Anti-Arrhythmia Agents,P08172; P11229; P20309; Q14524; Q9NZV8; Q9UK17,Ventricular arrhythmia,,Others
280,Dobutamine,DB00841,301.39,2.96,4,4,72.72,7,Sympathomimetics,P07550; P08588,Decompensated cardiac failure,"heart decompensation; shock, cardiogenic",Heart
281,Docetaxel,DB01248,807.89,3.26,5,14,224.45,8,Antineoplastic Agents,O75469; P10415; P10636; P11137; P27816; Q9H4B7,Breast Carcinoma,cancer of head and neck; carcinoma breast stage iv; malignant neoplasm of prostate; malignant neoplasm of stomach; non-small cell lung carcinoma,Cancer
282,Docosanol,DB00632,326.61,7.8,1,1,20.23,20,Antiviral Agents,P03200,Herpes Labialis,,Others
283,Dolasetron,DB00757,324.38,2.52,1,4,62.4,2,Serotonin Antagonists,P46098,Chemotherapy-induced nausea and vomiting,,Others
284,Dolutegravir,DB08930,419.38,1.35,2,5,100.87,3,,,HIV Infections,,Others
285,Domperidone,DB01184,425.92,3.35,2,3,78.82,5,,P14416; P35462,Nausea and vomiting,,Others
286,Donepezil,DB00843,379.5,4.36,0,4,38.77,6,,P22303; P28223,Alzheimer's Disease,,Others
287,Dopamine,DB00988,153.18,0.6,3,3,66.48,2,Dopamine Agents,P08908; P09172; P14416; P21728; P21917; P21918; P23975; P31645; P34969; P35462; Q01959,Decompensated cardiac failure,"hypotension; low cardiac output syndrome; parkinson disease; parkinson disease, postencephalitic; parkinsonian disorders",Heart
288,Doripenem,DB06211,420.51,-1.6,5,7,162.06,7,,,Abdominal Abscess,cholecystitis; complicated appendicitis; intraabdominal infections; pyelonephritis,Urinary
289,Dorzolamide,DB00869,324.45,0.61,2,6,106.33,3,,P00915; P00918; P22748,"Glaucoma, Open-Angle",ocular hypertension,Heart
290,Doxazosin,DB00590,451.48,1.72,1,9,112.27,4,Antihypertensive Agents,P25100; P35348; P35368; Q12809; Q9H252; Q9NS40,Hypertensive disease,prostatic hypertrophy,Others
291,Doxorubicin,DB00997,543.53,0.0,6,12,206.07,5,"Antibiotics, Antineoplastic",P11388,AIDS with Kaposi's sarcoma,"acute lymphocytic leukemia; breast carcinoma; burkitt lymphoma; carcinoma breast stage iv; diffuse large b-cell lymphoma; hodgkin disease; kaposi sarcoma; leukemia, myelocytic, acute; lymphoma, follicular; lymphoma, non-hodgkin; malignant epithelial neoplasm of female breast; malignant neoplasm of lung; malignant neoplasm of ovary; malignant neoplasm of stomach stage iv; malignant neoplasm of thyroid; multiple myeloma; nephroblastoma; neuroblastoma; osteosarcoma of bone; small cell carcinoma of lung",Cancer
292,Doxycycline,DB00254,444.44,-0.35,6,9,181.62,2,Anti-Bacterial Agents,P0A7V8; P0A7X3,Acne Vulgaris,"actinomycosis; acute gonococcal cervicitis; acute gonococcal endometritis; acute gonococcal epididymo-orchitis; acute gonococcal urethritis; anthrax disease; bartonella infections; boutonneuse fever; brill-zinsser disease; bronchitis; brucellosis; chancroids; chlamydia infections; chlamydia trachomatis infection of genital structure; cholera; cutaneous anthrax; endemic flea-borne typhus; gonococcal infection disseminated; gastrointestinal anthrax; gonorrhea; gonorrhea of pharynx; gonorrhea of rectum; granuloma inguinale; infection of skin and/or subcutaneous tissue; inhalational anthrax; listeriosis; lymphogranuloma venereum; mycoplasma pneumonia; pharyngitis; pneumonia, bacterial; psittacosis; q fever; q fever endocarditis; relapsing fever; rickettsia infections; rickettsialpox; rocky mountain spotted fever; scrub typhus; sinusitis; syphilis; typhus; trachoma; tularemia; typhus, epidemic louse-borne; yaws; non-gonococcal urethritis (ngu)",Ear/Nose/Throat
293,Dronedarone,DB04855,556.77,7.05,1,6,88.85,18,Anti-Arrhythmia Agents,O00305; O60840; O95069; P08588; P08913; P18089; P18825; P25100; P35348; P35368; P35498; P54284; Q01668; Q02641; Q08289; Q12809; Q13698; Q13936,Paroxysmal atrial fibrillation,,Others
294,Drostanolone,DB00858,304.47,4.21,1,2,37.3,0,,P10275,Allergic Conjunctivitis,"anemia, diamond-blackfan; aplastic anemia; corneal ulcer; corneal abrasion; cyclitis; herpes zoster keratitis; hypoplastic anemia; iridocyclitis; iritis; punctate keratopathy; rosacea; uveitis",Infection
295,Droxidopa,DB06262,213.19,-0.46,5,5,124.01,3,Antiparkinson Agents,P00439; P07550; P08588; P08913; P13945; P18089; P18825; P25100; P35348; P35368,Parkinson Disease,,Others
296,Dutasteride,DB01126,528.54,6.58,2,2,58.2,2,,P18405; P31213,Prostatic Hypertrophy,,Others
297,Dyclonine,DB00645,289.42,3.92,0,3,29.54,8,"Anesthetics, Local",Q9Y5Y9,Mouth irritation,pruritus; skin irritation,Skin
298,Dyphylline,DB00651,254.25,-2.21,2,5,102.28,3,Phosphodiesterase Inhibitors,P27815; P29274; P30542; Q07343; Q08493; Q08499; Q13946; Q9NP56,Asthma,"asthma night-time symptoms; asthma-chronic obstructive pulmonary disease overlap syndrome; bronchial spasm; bronchitis, chronic; pulmonary emphysema",Respiratory
299,EPT1647,DB04931,1646.87,-4.1,23,21,642.98,50,,Q01726,Erythropoietic Protoporphyria,,Others
300,Edetic Acid,DB00974,292.24,-2.07,4,6,155.68,11,Anticoagulants,,Accidental poisoning by lead and its compounds and fumes,hypercalcemia,Others
301,Edoxaban,DB09075,548.07,1.29,3,8,136.63,5,,,Embolism,pulmonary embolism,Respiratory
302,Efavirenz,DB00625,315.68,4.07,1,2,38.33,0,Anti-HIV Agents,,HIV Infections,,Others
303,Efinaconazole,DB09040,348.4,2.48,1,4,54.18,5,,,Onychomycosis,onychomycosis due to trichophyton mentagrophytes; onychomycosis of toenails,Others
304,Eflornithine,DB06243,182.17,-0.23,3,3,89.34,5,,,African Trypanosomiasis,,Others
305,Efonidipine,DB09235,631.67,7.3,1,9,120.24,10,,,Hypertensive disease,,Others
306,Eletriptan,DB00216,382.53,3.82,1,3,53.17,6,Serotonin Antagonists,P08908; P28221; P28222; P28566; P30939; P34969; P41595,Migraine Disorders,,Others
307,Eliglustat,DB09039,404.55,4.27,2,5,74.52,11,,,Gaucher Disease,,Others
308,Eltrombopag,DB06210,442.48,4.56,3,6,114.59,5,Thrombopoietic Agents,P40238,Chronic idiopathic thrombocytopenic purpura,,Others
309,Eluxadoline,DB09272,569.66,4.16,4,6,164.63,11,,,Diarrhoea predominant irritable bowel syndrome,irritable bowel syndrome with diarrhea,Stomach
310,Elvitegravir,DB09101,447.89,4.28,2,4,88.76,7,,,HIV Infections,,Others
311,Empagliflozin,DB09038,450.92,1.61,4,7,108.61,6,,,"Diabetes Mellitus, Non-Insulin-Dependent",,Others
312,Emtricitabine,DB00879,247.25,-0.46,2,6,90.37,2,,,HIV Infections,,Others
313,Enalapril,DB00584,376.45,1.6,2,5,95.94,9,Angiotensin-Converting Enzyme Inhibitors,P12821,Asymptomatic left ventricular systolic dysfunction,congestive heart failure; hypertensive disease,Heart
314,Encainide,DB01228,352.48,4.36,1,3,41.57,6,Anti-Arrhythmia Agents,Q14524,Premature ventricular contractions,,Others
315,Enoxacin,DB00467,320.32,0.66,2,5,87.46,3,,P11388; P43700; P43702,Acute gonococcal cervicitis,acute gonococcal urethritis; gonorrhea; gonorrhea of pharynx; gonorrhea of rectum; urinary tract infection,Urinary
316,Entacapone,DB00494,305.29,1.78,2,6,127.7,5,Enzyme Inhibitors,P21964,Parkinson Disease,,Others
317,Entecavir,DB00442,277.28,-0.83,4,6,130.05,2,,,"Hepatitis B, Chronic",,Others
318,Enviomycin,DB08993,685.7,-3.56,17,13,412.29,10,,,"Tuberculosis, Pulmonary",,Others
319,Enzalutamide,DB08899,464.44,3.99,1,4,76.44,3,Antineoplastic Agents,P10275,Malignant neoplasm of prostate,,Others
320,Ephedrine,DB01364,165.24,1.33,2,2,32.26,3,,P22303; P23975; P35348; Q05940,Allergic Conjunctivitis,"allergic rhinitis (disorder); bronchial spasm; bronchitis; common cold; hay fever; headache disorders; hypotension; influenza-like symptoms; nasal congestion (finding); rhinitis; rhinitis, vasomotor; rhinorrhea; sinus headache; sneezing",Pain
321,Epinephrine,DB00668,183.21,0.35,4,4,72.72,3,Vasoconstrictor Agents,P00439; P01375; P07550; P08588; P08913; P13945; P18089; P18825; P25100; P35348; P35368,Asthma,"asthma attack; bronchiectasis; bronchitis; dyspnea; exacerbation of asthma; glaucoma, open-angle; hypotension; pulmonary emphysema; wheezing; anaphylaxis",Respiratory
322,Epirubicin,DB00445,543.53,0.0,6,12,206.07,5,"Antibiotics, Antineoplastic",O14646; P11388,Breast Carcinoma,,Others
323,Eplerenone,DB00700,414.5,3.12,0,6,82.2,1,Mineralocorticoid Receptor Antagonists,P08235,Hypertensive disease,,Others
324,Epoprostenol,DB01240,352.47,3.41,3,4,86.99,10,Platelet Aggregation Inhibitors,P43119; Q16647; Q9H244,Allergic rhinitis (disorder),common cold; coughing; nasal congestion (finding); pulmonary hypertension; pulmonary arterial hypertension; rhinitis; rhinorrhea,Respiratory
325,Eprosartan,DB00876,424.52,4.74,2,4,92.42,10,,P30556,Hypertensive disease,,Others
326,Ergocalciferol,DB00153,396.66,7.64,1,1,20.23,5,Bone Density Conservation Agents,P11473,Hypocalcemia,"hypoparathyroidism; osteomalacia; osteoporosis; osteoporosis, postmenopausal; rickets; vitamin d deficiency; vitamin d-resistant rickets, x-linked; vitamin d-dependent rickets; vitamin deficiency",Bone
327,Ergonovine,DB01253,325.41,1.53,3,3,68.36,3,Oxytocics,P35348,Postpartum Hemorrhage,,Others
328,Ergotamine,DB00696,581.67,1.99,3,6,118.21,4,,P08908; P08913; P14416; P18089; P23975; P25100; P28221; P28222; P28223; P28335; P30939; P35348; P35368,Cluster Headache,migraine disorders; vascular headaches,Pain
329,Eribulin,DB08871,729.91,3.44,2,12,146.39,4,Microtubule Inhibitors,,Carcinoma breast stage IV,liposarcoma,Others
330,Erlotinib,DB00530,393.44,3.41,1,7,74.73,10,Protein Kinase Inhibitors,O75469; P00533,Adenocarcinoma of pancreas,non-small cell lung carcinoma,Cancer
331,Ertapenem,DB00303,475.52,0.94,5,7,156.27,7,Anti-Bacterial Agents,P02918; P02919; P08506; P0AD65; P0AD68; P24228; P44469; P45059,Abdominal Abscess,"acute bacterial peritonitis; diabetic foot infection; female genital tract infection; haemophilus influenzae pneumonia; intraabdominal infections; miscarriage with sepsis; moraxella catarrhalis pneumonia; pyelonephritis e coli; peptostreptococcus infection; pneumonia, bacterial; streptococcal pneumonia",Infection
332,Erythromycin,DB00199,733.94,1.79,5,14,193.91,7,Gastrointestinal Agents,P60725; P61177,Acne Vulgaris,"acute bacterial sinusitis; acute gonococcal cervicitis; acute gonococcal endometritis; acute gonococcal urethritis; acute otitis media; arthropathy associated with infection; bacterial sepsis; chlamydial cervicitis; chlamydial pneumonia; chlamydial urethritis; cholangitis; diphtheria; erythrasma; gonorrhea; gonorrhea of rectum; hepatic coma; inclusion conjunctivitis; infection of bone; infection of skin and/or subcutaneous tissue; infective otitis media; intraabdominal infections; legionnaires' disease; listeriosis; meningitis; mycoplasma pneumonia; neonatal pneumonia; ophthalmia neonatorum; pertussis; pneumococcal pharyngitis; pneumonia, bacterial; staphylococcus aureus infection; streptococcal pneumonia; streptococcus pyogenes infection; syphilis; urinary tract infection; non-gonococcal urethritis (ngu)",Ear/Nose/Throat
333,Esmolol,DB00187,295.38,1.53,2,5,67.79,9,,P08588,Atrial Fibrillation,perioperative hypertension; supraventricular tachycardia,Heart
334,Esomeprazole,DB00736,345.42,2.9,1,5,77.1,5,Proton Pump Inhibitors,P20648,Erosive esophagitis,gastroesophageal reflux disease; peptic esophagitis; peptic ulcer; zollinger-ellison syndrome,Stomach
335,Estradiol,DB00783,272.39,3.61,2,2,40.46,0,Estrogens,O75469; P03372; Q92731,Acne Vulgaris,atrophic vaginitis; atrophy of vulva; carcinoma breast stage iv; female hypogonadism syndrome; hot flushes; metastatic prostate carcinoma; premenstrual dysphoric disorder; urethral atrophy,Cancer
336,Estramustine,DB01196,440.41,5.18,1,3,49.77,5,"Antineoplastic Agents, Hormonal",P03372; P11137; P78559; Q92731,Prostatic Neoplasms,,Others
337,Estrone,DB00655,270.37,3.82,1,2,37.3,0,Estrogens,P03372,Acne Vulgaris,atrophic vaginitis; chemotherapy-induced nausea and vomiting,Others
338,Estropipate,DB04574,350.44,3.29,1,4,80.67,2,Contraceptive Agents,P03372; Q92731,Atrophic Vaginitis,,Others
339,Eszopiclone,DB00402,388.82,1.57,0,7,91.76,2,Hypnotics and Sedatives,P14867; P30536; P31644; P34903; P47869,Sleeplessness,,Others
340,Ethacrynic acid,DB00903,303.14,3.61,1,3,63.6,6,Enzyme Inhibitors,P05023; Q13621,Edema,,Others
341,Ethambutol,DB00330,204.31,-0.29,4,4,64.52,9,Antitubercular Agents,,Acute tuberculosis,"tuberculosis, pulmonary",Infection
342,Ethchlorvynol,DB00189,144.6,1.51,1,1,20.23,2,Hypnotics and Sedatives,,Sleeplessness,,Others
343,Ethinyl Estradiol,DB00977,296.41,3.61,2,2,40.46,0,Estrogens,O75469; P03372,Acne Vulgaris,atrophic vaginitis; atrophy of vulva; hot flushes; premenstrual dysphoric disorder,Reproductive
344,Ethionamide,DB00609,166.25,1.28,1,2,38.91,2,Antitubercular Agents,,Acute tuberculosis,"tuberculosis, pulmonary",Infection
345,Ethosuximide,DB00593,141.17,0.45,1,2,46.17,1,Anticonvulsants,O43497,Absence Epilepsy,,Others
346,Ethotoin,DB00754,204.23,1.3,1,2,49.41,2,Anticonvulsants,Q14524,Epilepsy characterized by intractable complex partial seizures,tonic-clonic epilepsy,Brain
347,Ethyl loflazepate,DB01545,360.77,3.2,1,4,67.76,3,,,Anxiety,depressive disorder,Others
348,Etidronic acid,DB01077,206.03,-0.99,5,3,135.29,2,Bone Density Conservation Agents,P38606; Q13332,Heterotopic Ossification,humoral hypercalcemia of malignancy (disorder); osteitis deformans,Others
349,Etizolam,DB09166,342.86,4.2,0,4,43.07,2,,,Anxiety,,Others
350,Etodolac,DB00749,287.36,3.38,2,2,62.32,4,"Anti-Inflammatory Agents, Non-Steroidal",P19793; P23219; P35354,Degenerative polyarthritis,pain; rheumatoid arthritis,Arthritis
351,Etofenamate,DB08984,369.34,3.61,2,5,67.79,8,,,Degenerative polyarthritis,,Others
352,Etoposide,DB00773,588.56,1.34,3,13,160.83,5,"Antineoplastic Agents, Phytogenic",P11388; Q02880,Small cell carcinoma of lung,,Others
353,Etravirine,DB06414,435.29,4.72,2,7,120.64,4,Reverse Transcriptase Inhibitors,,HIV Infections,,Others
354,Everolimus,DB01590,958.24,6.2,3,14,204.66,9,Immunosuppressive Agents,P42345,Angiomyolipoma of kidney,breast carcinoma; hormone receptor positive malignant neoplasm of breast; renal cell carcinoma; tuberous sclerosis,Cancer
355,Ezetimibe,DB00973,409.43,4.89,2,3,60.77,6,Cholesterol Absorption Inhibitors,P15144; P35610; Q9UHC9,Familial hypercholesterolemia - heterozygous,"familial hypercholesterolemia - homozygous; hypercholesterolemia; hyperlipidemia; hyperlipidemia, familial combined; sitosterolemia",Metabolic
356,Famciclovir,DB00426,321.34,0.54,1,8,122.22,7,Antiviral Agents,P04293,Herpes zoster disease,recurrent genital herpes simplex; recurrent herpes simplex labialis,Infection
357,Famotidine,DB00927,337.46,-0.77,4,6,175.83,7,Anti-Ulcer Agents,P25021,Duodenal Ulcer,dyspepsia; erosive esophagitis; gastric ulcer; gastroesophageal reflux disease; heartburn; peptic esophagitis; zollinger-ellison syndrome,Stomach
358,Febuxostat,DB04854,316.38,3.72,1,5,83.21,5,,,Hyperuricemia,,Others
359,Fenoldopam,DB00800,305.76,2.73,4,4,72.72,1,Antihypertensive Agents,P08913; P18089; P18825; P21728; P21918; P25100; P35348; P35368,Hypertensive urgency,malignant essential hypertension,Heart
360,Fenoprofen,DB00573,242.27,3.67,1,2,46.53,4,"Anti-Inflammatory Agents, Non-Steroidal",P23219; P35354,Degenerative polyarthritis,pain; rheumatoid arthritis,Arthritis
361,Fesoterodine,DB06702,411.59,5.38,1,4,49.77,10,Muscarinic Antagonists,P08172; P08173; P08912; P11229; P20309,Bladder muscle dysfunction - overactive,increased frequency of micturition; urge incontinence; urgency of micturition,Others
362,Fexofenadine,DB00950,501.67,5.51,3,4,81.0,10,Anti-Allergic Agents,P35367,Allergic Conjunctivitis,allergic rhinitis (disorder); chronic idiopathic urticaria; hay fever; sneezing,Others
363,Fidaxomicin,DB08874,1058.05,6.23,7,18,266.66,13,Antibiotics,Q18BX5,Clostridium Infections,"clostridium difficile infection; enterocolitis, pseudomembranous",Infection
364,Fimasartan,DB09279,501.66,4.22,1,6,92.59,9,,,Hypertensive disease,,Others
365,Finafloxacin,DB09047,398.39,1.22,2,6,107.59,3,,,Acute otitis externa,,Others
366,Finasteride,DB01216,372.55,3.81,2,2,58.2,1,5-alpha Reductase Inhibitors,P18405; P31213; P51857,"Alopecia, Male Pattern",prostatic hypertrophy,Others
367,Fingolimod,DB08868,307.48,3.2,3,3,66.48,12,,Q9H228,"Multiple Sclerosis, Relapsing-Remitting",,Others
368,Flecainide,DB01195,414.35,3.44,2,4,59.59,7,Anti-Arrhythmia Agents,P35499; Q14524,Paroxysmal atrial fibrillation,paroxysmal atrial flutter,Others
369,Flibanserin,DB04908,390.41,3.17,1,3,44.27,4,,P08908; P21917; P28223,Hypoactive Sexual Desire Disorder,,Others
370,Floctafenine,DB08976,406.36,3.51,3,6,91.68,6,,,Acute onset pain,,Others
371,Floxuridine,DB00322,246.19,-1.68,3,5,104.55,2,Antineoplastic Agents,P04818,Malignant neoplasm of liver,primary malignant neoplasm of gastrointestinal tract,Cancer
372,Fluconazole,DB00196,306.28,0.74,1,5,81.65,5,Antifungal Agents,P10613,Candidemia,"candidiasis of the esophagus; candidiasis, vulvovaginal; meningitis, cryptococcal; mucocutaneous candidiasis; oral candidiasis; oropharyngeal candidiasis; septicemia candida; systemic candidiasis",Skin
373,Fludrocortisone,DB00687,380.46,1.87,3,5,94.83,2,Anti-Inflammatory Agents,P04150; P08235; P10275,Addison Disease,adrenogenital disorder,Others
374,Flunisolide,DB00180,434.5,2.27,2,6,93.06,2,,P04150,Allergic rhinitis (disorder),asthma,Respiratory
375,Fluocinolone Acetonide,DB00591,452.49,2.37,2,6,93.06,2,Anti-Inflammatory Agents,P04150,Chloasma,"choroiditis; chronic small plaque psoriasis; contact dermatitis; dermatitis, atopic; exanthema; granuloma annulare; lichen simplex chronicus; lupus erythematosus, discoid; lymphoma, t-cell, cutaneous; pruritus ani; pruritus of genital organs; scalp psoriasis; scurfiness of scalp; seborrheic dermatitis",Skin
376,Fluocinonide,DB01047,494.53,2.94,1,7,99.13,3,Anti-Allergic Agents,P04150; Q99835,Chronic small plaque psoriasis,"contact dermatitis; exanthema; granuloma annulare; inflammatory dermatosis; lichen simplex chronicus; lupus erythematosus, discoid; lymphoma, t-cell, cutaneous; pruritus ani; pruritus of genital organs; scalp psoriasis; seborrheic dermatitis",Skin
377,Fluorometholone,DB00324,376.47,2.92,2,4,74.6,1,Anti-Allergic Agents,P04150,Allergic Conjunctivitis,corneal ulcer; corneal abrasion; cyclitis; herpes zoster keratitis; iridocyclitis; iritis; punctate keratopathy; rosacea; uveitis,Infection
378,Fluorouracil,DB00544,130.08,-0.8,2,2,65.72,0,Immunosuppressive Agents,P04818,Actinic keratosis,adenocarcinoma of pancreas; carcinoma breast stage iv; malignant neoplasm of stomach; malignant tumor of colon; metastasis from malignant tumor of colon; superficial basal cell carcinoma,Cancer
379,Fluoxymesterone,DB01185,336.45,3.33,2,3,57.53,0,Anabolic Agents,P03372; P04150; P10275; P16471,Cryptorchidism,deficiency of testosterone biosynthesis; delayed puberty; generalized myotonia of thomsen; hormone receptor positive malignant neoplasm of breast; klinefelter syndrome; noonan syndrome; testicular hypogonadism,Cancer
380,Flupentixol,DB00875,436.54,4.22,1,4,26.71,5,Antipsychotic Agents,P11229; P14416; P21728; P28223; P35348,Schizophrenia,,Others
381,Fluphenazine,DB00623,437.53,4.31,1,5,29.95,6,Antipsychotic Agents,P14416; P21728; P62158,Psychotic Disorders,schizophrenia,Mental Health
382,Flurandrenolide,DB00846,436.52,2.5,2,6,93.06,2,Anti-Inflammatory Agents,P04150,Chronic small plaque psoriasis,"contact dermatitis; dermatitis, atopic; exanthema; granuloma annulare; lichen simplex chronicus; lupus erythematosus, discoid; lymphoma, t-cell, cutaneous; pruritus ani; pruritus of genital organs; scalp psoriasis; seborrheic dermatitis",Skin
383,Fluspirilene,DB04842,475.58,5.31,1,3,35.58,7,Antipsychotic Agents,P14416; P28223; Q06432,Schizophrenia,,Others
384,Flutamide,DB00499,276.21,3.21,1,3,72.24,3,"Antineoplastic Agents, Hormonal",P10275; P35869,Prostatic Neoplasms,,Others
385,Fluticasone Propionate,DB00588,500.58,4.43,1,6,80.67,4,,P04150; P06401; P08235; P47712,Allergic asthma,"allergic rhinitis (disorder); chronic small plaque psoriasis; contact dermatitis; dermatitis, atopic; exanthema; granuloma annulare; intrinsic asthma; lichen simplex chronicus; lupus erythematosus, discoid; lymphoma, t-cell, cutaneous; pruritus ani; pruritus of genital organs; pulmonary emphysema; scalp psoriasis; seborrheic dermatitis",Skin
386,Fluticasone furoate,DB08906,538.58,4.93,1,7,93.81,4,Corticosteroids,P04150,Allergic rhinitis (disorder),asthma,Respiratory
387,Fluvastatin,DB01095,411.47,4.63,3,3,82.69,8,Hydroxymethylglutaryl-CoA Reductase Inhibitors,P04035,Arteriosclerosis,"familial hypercholesterolemia - heterozygous; hypercholesterolemia; hyperlipidemia, familial combined",Metabolic
388,Folic Acid,DB00158,441.4,-0.04,6,9,213.28,9,Hematinics,P14207; P41439,Breastfeeding (mother),folic acid deficiency; iron deficiency anemia; megaloblastic anemia due to folate deficiency; mineral deficiency; vitamin deficiency,Blood
389,Fomepizole,DB01213,82.11,0.72,1,1,28.68,0,Antidotes,P00325; P00326; P04040; P07327,Accidental poisoning by methyl alcohol,ethylene glycol poisoning (disorder),Others
390,Formestane,DB08905,302.41,3.97,1,3,54.37,0,Antineoplastic Agents,,Malignant epithelial neoplasm of female breast,,Others
391,Formoterol,DB00983,344.41,2.22,4,5,90.82,9,Sympathomimetics,P07550,Allergic asthma,intrinsic asthma; pulmonary emphysema,Respiratory
392,Fosamprenavir,DB01319,585.62,2.52,4,8,177.72,13,Prodrugs,,HIV Infections,,Others
393,Fosaprepitant,DB06717,614.41,4.37,3,6,129.91,7,,,Chemotherapy-induced nausea and vomiting,,Others
394,Fosfomycin,DB00828,138.06,-0.09,2,2,70.06,1,Anti-Bacterial Agents,P0A749,Escherichia coli urinary tract infection,urinary tract infection enterococcus; urinary tract infection,Urinary
395,Fosinopril,DB00492,563.67,6.12,1,6,110.21,14,,P12821,Chronic heart failure,hypertensive disease,Others
396,Fosphenytoin,DB01320,362.28,1.55,3,4,116.17,5,Anticonvulsants,Q14524,Epilepsy,epilepsy characterized by intractable complex partial seizures; status epilepticus,Brain
397,Frovatriptan,DB00998,243.31,1.34,3,2,70.91,2,Serotonin Receptor Agonists,P28221; P28222,Migraine Disorders,,Others
398,Furosemide,DB00695,330.75,1.89,3,5,122.63,5,Diuretics,P00918; Q13621,Acute pulmonary edema,decompensated cardiac failure; edema; hypertensive disease,Heart
399,Fusidic Acid,DB02703,516.72,5.67,3,5,104.06,5,Anti-Bacterial Agents,P62580,Acne Vulgaris,"actinomycosis; acute gonococcal cervicitis; acute gonococcal endometritis; acute gonococcal epididymo-orchitis; acute gonococcal urethritis; allergic conjunctivitis; anterior uveitis; anthrax disease; arthropathy associated with infection; bacterial conjunctivitis; bacterial infection due to klebsiella pneumoniae; bacterial keratitis; bacterial peritonitis; bacterial sepsis; bartonella infections; blepharoconjunctivitis; boutonneuse fever; brill-zinsser disease; bronchitis; brucellosis; chancroids; chlamydia infections; chlamydia trachomatis infection of genital structure; cholangitis; cholera; citrobacter sepsis; corneal perforation; corneal abrasion; cutaneous anthrax; dacryocystitis; endemic flea-borne typhus; enterobacter pneumonia; enterobacteriaceae infections; escherichia coli infections; escherichia coli septicemia; folliculitis; furunculosis; gonococcal infection disseminated; gastrointestinal anthrax; gingivostomatitis; gonorrhea; gonorrhea of pharynx; gonorrhea of rectum; granuloma inguinale; herpes zoster keratitis; infection due to pseudomonas aeruginosa; infection of bone; infection of skin and/or subcutaneous tissue; infective blepharitis; infective otitis media; inhalational anthrax; intraabdominal infections; keratoconjunctivitis; klebsiella sepsis; listeriosis; lymphogranuloma venereum; meibomianitis; meningitis, bacterial; mycoplasma pneumonia; neonatal meningitis; neonatal pneumonia; nosocomial pneumonia; osteomyelitis due to staphylococcus aureus; paronychia inflammation; peritonitis; pharyngitis; pneumococcal infections; pneumonia; pneumonia due to escherichia coli; pneumonia due to pseudomonas; pneumonia, bacterial; proteus pneumonia; proteus septicemia; pseudomonas aeruginosa meningitis; psittacosis; punctate keratitis; q fever; q fever endocarditis; relapsing fever; rhinoscleroma; rickettsia infections; rickettsialpox; rocky mountain spotted fever; rosacea; scrub typhus; sepsis due to gram negative bacteria; sepsis due to pseudomonas; sepsis of the newborn; serratia infections; serratia sepsis; sinusitis; staphylococcal pneumonia; staphylococcus aureus infection; streptococcal infections; syphilis; typhus; trachoma; tularemia; typhus, epidemic louse-borne; urinary tract infection; yaws; non-gonococcal urethritis (ngu)",Infection
400,Gabapentin,DB00996,171.24,1.37,2,2,63.32,3,Anti-Anxiety Agents,P30542; P54289; Q00975; Q9NY47,Postherpetic neuralgia,restless legs syndrome,Others
401,Galantamine,DB00674,287.36,1.85,1,4,41.93,1,Nootropic Agents,P02708; P06276; P07510; P11230; P17787; P22303; P30532; P30926; P32297; P36544; P43681; Q04844; Q05901; Q07001; Q15822; Q15825; Q9GZZ6; Q9UGM1,Alzheimer's Disease,,Others
402,Gamma Hydroxybutyric Acid,DB01440,103.1,-1.49,1,3,60.36,3,,P18505; Q9HAB3,Narcolepsy,narcolepsy-cataplexy syndrome,Others
403,Ganciclovir,DB01004,255.23,-1.97,4,7,139.28,5,Antiviral Agents,P03176; P04293,Cytomegalovirus Retinitis,"keratitis, dendritic; paroxysmal supraventricular tachycardia",Others
404,Gatifloxacin,DB01044,375.4,1.98,2,5,83.8,4,Quinolones,,Acute exacerbation of chronic bronchitis,"acute gonococcal cervicitis; acute gonococcal urethritis; bacterial conjunctivitis; chlamydial pneumonia; escherichia coli urinary tract infection; gonorrhea of rectum; haemophilus influenzae pneumonia; haemophilus parainfluenzae pneumonia; klebsiella cystitis; legionella pneumophila pneumonia; moraxella catarrhalis pneumonia; mycoplasma pneumonia; pyelonephritis e coli; pneumonia, bacterial; proteus urinary tract infection; staphylococcal pneumonia; staphylococcus aureus infection; streptococcal pneumonia",Infection
405,Gefitinib,DB00317,446.91,4.28,1,7,68.74,8,,P00533,Epidermal growth factor receptor positive non-small cell lung cancer,non-small cell lung carcinoma,Cancer
406,Gemcitabine,DB00441,263.2,-1.29,3,6,110.6,2,Antiviral Agents,P04818; P23921; P30085,Adenocarcinoma of pancreas,carcinoma breast stage iv; malignant neoplasm of ovary; non-small cell lung carcinoma,Cancer
407,Gemfibrozil,DB01241,250.34,3.57,1,2,46.53,6,Hypolipidemic Agents,Q07869,Hypertriglyceridemia,,Others
408,Gemifloxacin,DB01155,389.39,0.97,2,7,123.04,5,Anti-Bacterial Agents,P43700; P43702,Acute bacterial bronchitis,"acute exacerbation of chronic bronchitis; chlamydial pneumonia; haemophilus influenzae pneumonia; moraxella catarrhalis pneumonia; mycoplasma pneumonia; pneumonia due to klebsiella pneumoniae; pneumonia, bacterial; streptococcal pneumonia",Infection
409,Gentamicin,DB00798,477.6,-3.33,8,12,199.73,7,Aminoglycosides,P0A7S3; P98164,Arthropathy associated with infection,"bacterial conjunctivitis; bacterial infection due to klebsiella pneumoniae; bacterial keratitis; bacterial sepsis; blepharoconjunctivitis; cholangitis; citrobacter sepsis; dacryocystitis; enterobacter pneumonia; enterobacteriaceae infections; escherichia coli infections; escherichia coli septicemia; folliculitis; furunculosis; infection due to pseudomonas aeruginosa; infection of bone; infection of skin and/or subcutaneous tissue; infective blepharitis; intraabdominal infections; klebsiella sepsis; meibomianitis; meningitis, bacterial; neonatal meningitis; neonatal pneumonia; paronychia inflammation; peritonitis; pneumonia due to escherichia coli; pneumonia due to pseudomonas; pneumonia, bacterial; proteus pneumonia; proteus septicemia; pseudomonas aeruginosa meningitis; rhinoscleroma; sepsis due to gram negative bacteria; sepsis due to pseudomonas; sepsis of the newborn; serratia infections; serratia sepsis",Infection
410,Gimeracil,DB09257,145.54,0.73,2,2,53.09,0,,,Malignant neoplasm of stomach,,Others
411,Gliclazide,DB01120,323.42,1.63,2,4,78.51,3,Hypoglycemic Agents,P15692; Q09428,"Diabetes Mellitus, Non-Insulin-Dependent",,Others
412,Glimepiride,DB00222,490.63,3.07,3,5,124.68,7,Hypoglycemic Agents,P48048; Q09428; Q14654,"Diabetes Mellitus, Non-Insulin-Dependent",,Others
413,Glipizide,DB01067,445.55,2.08,3,6,130.15,7,Hypoglycemic Agents,P37231; Q09428,"Diabetes Mellitus, Non-Insulin-Dependent",,Others
414,Gliquidone,DB01251,527.64,3.52,2,6,121.88,7,Antidiabetic Agents,Q09428; Q15842,"Diabetes Mellitus, Non-Insulin-Dependent",,Others
415,Glisoxepide,DB01289,449.53,1.73,3,7,133.64,7,,Q15842,"Diabetes Mellitus, Non-Insulin-Dependent",,Others
416,Glutethimide,DB01437,217.27,1.77,1,2,46.17,2,Hypnotics and Sedatives,P14867,Sleeplessness,,Others
417,Glyburide,DB01016,494.01,3.64,3,5,113.6,8,Hypoglycemic Agents,O60706; O95342; O95477; P13569; P48048; P48544; P50416; Q09428; Q14654,"Diabetes Mellitus, Non-Insulin-Dependent",,Others
418,Glycine,DB00145,75.07,-0.97,2,2,63.32,1,Glycine Agents,O60391; O75311; O75600; P13196; P21549; P22557; P23378; P23415; P23416; P23434; P34896; P34897; P41250; P48067; P48167; P48637; P50440; Q12879; Q14032; Q14330; Q14749; Q14957; Q6IB77; Q7Z2H8; Q8WU03; Q969I3; Q9BYV1; Q9H598; Q9P0Z9; Q9Y345,Allergic rhinitis (disorder),common cold; coughing; nasal congestion (finding); rhinitis; rhinorrhea,Respiratory
419,Glycodiazine,DB01382,309.35,1.3,1,6,90.41,7,,P48048; Q09428,"Diabetes Mellitus, Non-Insulin-Dependent",,Others
420,Glycopyrrolate,DB00986,318.44,2.46,1,3,46.53,4,Muscarinic Antagonists,P08172; P11229; P20309,Chronic Obstructive Airway Disease,peptic ulcer; sialorrhea,Stomach
421,Gonadorelin,DB00644,1182.31,-4.39,16,15,474.63,31,,P30968,Amenorrhea,,Others
422,Goserelin,DB00014,1269.43,-3.11,17,16,495.89,31,,P22888; P30968,Endometriosis,hormone receptor positive malignant neoplasm of breast,Cancer
423,Granisetron,DB00889,312.42,2.32,1,3,50.16,2,Serotonin Antagonists,P46098,Chemotherapy-induced nausea and vomiting,,Others
424,Grazoprevir,DB11575,766.92,5.19,3,10,205.69,7,,,"Hepatitis C, Chronic",,Others
425,Griseofulvin,DB00400,352.77,2.81,0,6,71.06,3,Antifungal Agents,Q99456,Onychomycosis,tinea capitis; tinea pedis; tinea barbae; tinea corporis (disorder); tinea cruris,Others
426,Guaifenesin,DB00874,198.22,0.43,2,4,58.92,5,Expectorants,,Allergic rhinitis (disorder),common cold; coughing; fever; headache disorders; influenza-like symptoms; nasal congestion (finding); rhinitis; rhinorrhea; sinus headache,Pain
427,Guanadrel,DB00226,213.28,0.34,2,3,82.86,2,Antihypertensive Agents,P23975,Hypertensive disease,,Others
428,Guanfacine,DB01018,246.1,1.55,3,2,78.97,2,Antihypertensive Agents,P08913; P18089,Attention deficit hyperactivity disorder,hypertensive disease,Others
429,Halazepam,DB00801,352.74,4.09,0,2,32.67,2,Anti-Anxiety Agents,A8MPY1; O00591; O14764; P14867; P18505; P18507; P24046; P28472; P28476; P31644; P34903; P47869; P47870; P78334; Q8N1C3; Q99928,Anxiety,,Others
430,Halcinonide,DB06786,454.97,3.89,1,5,72.83,2,,,Chronic small plaque psoriasis,"contact dermatitis; dermatitis, atopic; exanthema; granuloma annulare; lichen simplex chronicus; lupus erythematosus, discoid; lymphoma, t-cell, cutaneous; pruritus ani; pruritus of genital organs; scalp psoriasis; seborrheic dermatitis",Skin
431,Halobetasol Propionate,DB00596,484.97,4.05,1,5,80.67,4,,P04150,Chronic small plaque psoriasis,"contact dermatitis; exanthema; granuloma annulare; lichen simplex chronicus; lupus erythematosus, discoid; lymphoma, t-cell, cutaneous; pruritus ani; pruritus of genital organs; scalp psoriasis; seborrheic dermatitis",Skin
432,Halofantrine,DB01218,500.43,8.64,1,2,23.47,10,Antimalarials,Q12809,"Malaria, Falciparum",,Others
433,Haloperidol,DB00502,375.87,4.43,1,3,40.54,6,Antipsychotic Agents,P14416; P21728; P28223; P35462; Q13224,Chronic schizophrenia,gilles de la tourette syndrome; psychotic disorders; schizophrenia,Mental Health
434,Histrelin,DB06788,1443.63,6.96,18,17,552.87,34,,,Precocious Puberty,,Others
435,Homatropine Methylbromide,DB00725,370.29,-0.96,1,3,46.53,3,Muscarinic Antagonists,P08172; P08173; P08912; P11229; P20309,Coughing,irritable bowel syndrome; peptic ulcer,Stomach
436,Homoharringtonine,DB04865,545.63,2.58,2,10,123.99,9,Antineoplastic Agents,P20276; P39023,"Myeloid Leukemia, Chronic",,Others
437,Hydralazine,DB01275,160.18,0.92,2,4,63.83,1,,P13674; Q16853,Chronic heart failure,hypertensive disease,Others
438,Hydrochlorothiazide,DB00999,297.75,-0.35,3,5,118.36,1,Antihypertensive Agents,O43570; P00915; P00918; P22748; P55017; Q12791; Q16790,Chronic heart failure,edema; hypertensive disease; hypertensive urgency,Others
439,Hydrocodone,DB00956,299.37,1.93,0,4,38.77,1,"Analgesics, Opioid",P35372; P41143,Allergic rhinitis (disorder),common cold; coughing; nasal congestion (finding); pain; rhinitis; rhinorrhea,Pain
440,Hydrocortisone,DB00741,362.47,1.78,3,5,94.83,2,Anti-Inflammatory Agents,P04083; P04150,Acne Vulgaris,"acquired thrombocytopenia; acute lymphocytic leukemia; addison disease; addisonian crisis; adrenal cortical hypofunction; adrenogenital disorder; allergic conjunctivitis; allergic rhinitis (disorder); anemia, diamond-blackfan; angioedema; ankylosing spondylitis; aphthous stomatitis; arthritis, gouty; arthritis, psoriatic; aspiration pneumonitis; asthma; autoimmune diseases; autoimmune hemolytic anemia; bacterial keratitis; berylliosis; blepharoconjunctivitis; bursitis; cerebral edema; chronic small plaque psoriasis; chronic ulcerative proctitis; contact dermatitis; cooley's anemia; corneal ulcer; corneal abrasion; crohn disease; cyclitis; dermatitis herpetiformis; dermatitis, atopic; disorder of eye; erythema multiforme; exanthema; exfoliative dermatitis; gingival diseases; granuloma annulare; hemorrhoids; herpes zoster keratitis; hodgkin disease; humoral hypercalcemia of malignancy (disorder); infective blepharitis; infective otitis externa; inflammatory bowel diseases; inflammatory dermatosis; iridocyclitis; iritis; itching of ear; keratitis; laryngeal edema; lichen simplex chronicus; lupus erythematosus, discoid; lupus erythematosus, systemic; lymphoma, non-hodgkin; lymphoma, t-cell, cutaneous; malignant otitis externa due to pseudomonas aeruginosa; multiple sclerosis; musculoskeletal diseases; mycosis fungoides; nephrotic syndrome; otitis externa; pemphigus; post traumatic osteoarthritis; proctitis; pruritus ani; pruritus of genital organs; psoriasis; punctate keratopathy; recurrent herpes simplex labialis; rheumatic heart disease; rheumatoid arthritis; rosacea; sarcoidosis; scalp psoriasis; seborrheic dermatitis; serum sickness; simple pulmonary eosinophilia; status asthmaticus; synovitis; tendinitis; tenosynovitis; thyroiditis; tinea pedis; tinea corporis (disorder); tinea cruris; transplanted organ rejection; trichinellosis; ulcerative colitis; uveitis",Stomach
441,Hydroflumethiazide,DB00774,331.3,0.01,3,5,118.36,1,Antihypertensive Agents,O43570; P00915; P00918; P05023; P22748; Q12791; Q13621; Q16790,Edema,hypertensive disease,Others
442,Hydromorphone,DB00327,285.34,1.63,1,4,49.77,0,"Analgesics, Opioid",P35372; P41143; P41145,Acute postoperative pain,common cold; coughing; pain; severe pain,Pain
443,Hydroquinone,DB09526,110.11,1.1,2,2,40.46,0,,,Chloasma,discoloration of skin; facial hyperpigmentation,Skin
444,Hydroxychloroquine,DB01611,335.88,3.78,2,4,48.39,9,Antirheumatic Agents,Q9NR96; Q9NYK1,"Lupus Erythematosus, Discoid","lupus erythematosus, systemic; malaria, falciparum; malaria, vivax; ovale malaria; quartan malaria; rheumatoid arthritis",Arthritis
445,Hydroxyurea,DB01005,76.05,-0.96,3,2,75.35,0,Antineoplastic Agents,P23921,"Anemia, Sickle Cell","cancer of head and neck; hemoglobin ss disease with crisis; malignant neoplasm of ovary; myeloid leukemia, chronic; melanoma",Cancer
446,Hydroxyzine,DB00557,374.91,3.06,1,4,35.94,8,Hypnotics and Sedatives,P35367,Allergic Conjunctivitis,"allergic rhinitis (disorder); dermatitis, atopic; pruritus; rhinorrhea; symptomatic dermographism; urticaria",Skin
447,Hyoscyamine,DB00424,289.38,1.93,1,4,49.77,4,Anti-Arrhythmia Agents,P08172; P08173; P11229; P20309,Dysuria,peptic ulcer; sialorrhea; sinus bradycardia,Stomach
448,Ibandronate,DB00710,319.23,0.5,5,4,138.53,9,Bone Density Conservation Agents,P14324,Hypercalcemia,"osteoporosis, postmenopausal",Bone
449,Ibrutinib,DB09053,440.51,4.22,1,6,99.16,5,,,Chronic Lymphocytic Leukemia,"malignant lymphoma, lymphocytic, intermediate differentiation, diffuse; waldenstrom macroglobulinemia",Cancer
450,Ibudilast,DB05266,230.31,3.3,0,2,34.37,3,Platelet Aggregation Inhibitors,P27815; Q07343; Q08493; Q08499; Q14432,Asthma,,Others
451,Icatibant,DB06196,1304.55,-5.02,15,17,523.72,30,"Anti-Inflammatory Agents, Non-Steroidal",P15144; P30411,"Angioedemas, Hereditary",,Others
452,Idarubicin,DB01177,497.5,1.02,5,10,176.61,3,"Antibiotics, Antineoplastic",P11388,Acute Promyelocytic Leukemia,"leukemia, myelocytic, acute",Cancer
453,Idebenone,DB09081,338.44,3.46,1,5,72.83,12,,,"Optic Atrophy, Hereditary, Leber",,Others
454,Idelalisib,DB09054,415.43,3.75,2,6,101.38,5,,,Chronic Lymphocytic Leukemia,"lymphoma, follicular; small lymphocytic lymphoma",Cancer
455,Idoxuridine,DB00249,354.1,-1.22,3,5,104.55,2,Antiviral Agents,,"Keratitis, Herpetic",,Others
456,Ifosfamide,DB01181,261.09,1.88,1,2,41.57,5,,,Testicular Germ Cell Tumor,,Others
457,Iloperidone,DB04946,426.49,4.83,0,6,64.8,8,,P08908; P14416; P18825; P21728; P21917; P28223; P34969; P35348; P35367; P35462; P50406,Schizophrenia,,Others
458,Iloprost,DB01088,360.49,3.54,3,3,77.76,8,,P00750; P27815; P34995; P43119; Q07343; Q08493; Q08499,Pulmonary arterial hypertension,,Others
459,Imatinib,DB00619,493.62,4.59,2,7,86.28,7,Antineoplastic Agents,P00519; P04629; P07333; P09619; P10721; P16234; Q08345,Blast Phase,"chronic eosinophilic leukemia; dermatofibrosarcoma protuberans; gastrointestinal stromal tumors; idiopathic hypereosinophilic syndrome; leukemia, myeloid, accelerated phase; leukemia, myeloid, chronic-phase; mastocytosis, systemic; philadelphia chromosome positive chronic myelogenous leukemia; philadelphia chromosome-positive acute lymphoblastic leukemia",Cancer
460,Imidafenacin,DB09262,319.41,3.05,1,2,60.91,6,,,Bladder muscle dysfunction - overactive,,Others
461,Imipenem,DB01598,299.35,-0.39,3,5,116.22,6,Anti-Bacterial Agents,P00807; P02918; P02919; P0AD65; P42971,Abdominal Abscess,"acute exacerbation of chronic bronchitis; arthropathy associated with infection; bacterial infection due to klebsiella pneumoniae; bacterial sepsis; diabetic foot infection; endometritis; enterobacter pneumonia; female genital tract infection; haemophilus influenzae pneumonia; infection of bone; infection of skin and/or subcutaneous tissue; intraabdominal infections; lower respiratory tract infection; pelvic inflammatory disease; peritonitis; pneumonia due to escherichia coli; pneumonia, bacterial",Infection
462,Incadronate,DB06255,273.16,0.55,5,3,127.09,4,Bone Density Conservation Agents,,Osteoporosis,,Others
463,Indapamide,DB00808,365.84,2.08,2,4,92.5,3,Antihypertensive Agents,P15382; P51787,Edema,hypertensive disease,Others
464,Indinavir,DB00224,613.8,2.87,4,7,118.03,11,,,HIV Infections,,Others
465,Indomethacin,DB00328,357.79,3.93,1,3,68.53,4,Gout Suppressants,P14555; P23219; P35354; P37231; Q04760; Q07869; Q8N8N7; Q9Y5Y4,Ankylosing spondylitis,bursitis; degenerative polyarthritis; gout; patent ductus arteriosus; rheumatism; rheumatoid arthritis; shoulder tendinitis; synovitis; tendinitis; tenosynovitis; shoulder bursitis,Arthritis
466,Ingenol Mebutate,DB05013,430.54,2.33,3,6,104.06,3,Antineoplastic Agents,P17252; Q05655,Actinic keratosis,,Others
467,Ipratropium bromide,DB00332,412.37,-0.14,1,3,46.53,5,Bronchodilator Agents,P08172; P11229; P20309,Allergic rhinitis (disorder),bronchial spasm; bronchitis; chronic obstructive airway disease; pulmonary emphysema; rhinorrhea,Respiratory
468,Irbesartan,DB01029,428.54,4.78,1,5,87.13,7,Antihypertensive Agents,P05412; P30556,Diabetic Nephropathy,hypertensive disease,Others
469,Irinotecan,DB00762,586.69,4.09,1,8,114.2,4,"Antineoplastic Agents, Phytogenic",P11387; Q969P6,Metastasis from malignant tumor of colon,secondary malignant neoplasm of pancreas,Cancer
470,Isavuconazonium,DB06636,437.48,4.24,1,6,87.62,6,,,Aspergillosis,mucormycosis,Others
471,Isocarboxazid,DB01247,231.26,1.42,2,4,67.16,4,Antidepressive Agents,P21397; P27338,Major Depressive Disorder,,Others
472,Isoniazid,DB00951,137.14,-0.31,2,3,68.01,1,Antitubercular Agents,,Acute tuberculosis,"tuberculosis, pulmonary",Infection
473,Isoprenaline,DB01064,211.26,1.13,4,4,72.72,4,Sympathomimetics,O00459; P07550; P08588; P13945; P27986; P28482; Q92569,Atrioventricular Block,cardiac arrest; common cold; hypovolemic shock; low cardiac output syndrome,Heart
474,Isopropamide,DB01625,353.53,4.11,1,1,43.09,8,,P08173; P20309,Peptic Ulcer,,Others
475,Isosorbide Mononitrate,DB01020,191.14,-1.28,1,6,91.06,2,Vasodilator Agents,P33402,Angina Pectoris,,Others
476,Isoxsuprine,DB08941,301.39,2.87,3,4,61.72,7,,,Cerebrovascular Disorders,raynaud disease; vascular diseases,Others
477,Ivacaftor,DB08820,392.5,5.08,3,3,82.19,2,,P13569,Pulmonary Cystic Fibrosis,,Others
478,Ixabepilone,DB04845,506.71,4.05,3,7,112.05,2,,Q13509,Breast Carcinoma,carcinoma breast stage iv,Cancer
479,Ixazomib,DB09570,361.03,2.68,4,4,105.64,7,,,Multiple Myeloma,,Others
480,Kanamycin,DB01172,484.5,-7.29,11,15,282.61,6,Anti-Bacterial Agents,P0A7S3,Arthropathy associated with infection,"bacterial sepsis; cholangitis; infection of bone; infection of skin and/or subcutaneous tissue; intraabdominal infections; meningitis; pneumonia, bacterial; urinary tract infection",Infection
481,Ketoprofen,DB01009,254.28,3.11,1,2,54.37,4,"Anti-Inflammatory Agents, Non-Steroidal",P23219; P25024; P35354,Degenerative polyarthritis,dysmenorrhea; pain; rheumatoid arthritis,Arthritis
482,Ketorolac,DB00465,255.27,2.29,1,2,59.3,3,"Anti-Inflammatory Agents, Non-Steroidal",P23219; P35354,Acute postoperative pain,allergic conjunctivitis; severe pain,Eye
483,Ketotifen,DB00920,309.43,4.01,0,3,20.31,0,Anti-Allergic Agents,O60658; O95263; P27815; P35367; P52209; Q07343; Q08493; Q08499; Q13946; Q9NP56,Allergic Conjunctivitis,,Others
484,L-Aspartic Acid,DB00128,133.1,-1.13,3,3,100.62,3,Dietary Supplements,O75746; P00505; P00966; P07998; P08243; P14868; P17174; P22234; P27708; P30520; P43005; P45381; P61626; Q03154; Q12797; Q5T6L4; Q6PI48; Q7L266; Q8N142; Q96HD9; Q9UJS0,Hypokalemia,,Others
485,L-Carnitine,DB00583,161.2,-1.81,1,3,60.36,4,Vitamin B Complex,O43772; O76082; P05164; P23141; P23786; P43155; P47989; P50416; Q8N8R3; Q9H015; Q9UKG9,Carnitine deficiency,,Others
486,L-Cysteine,DB00151,121.16,-0.67,3,3,63.32,2,Dietary Supplements,P16455; P17174; P32929; P35520; P48506; P48507; P48637; P49589; Q16878; Q9BZV2; Q9HA77; Q9Y600; Q9Y697,Amyloidosis,bronchiectasis; bronchitis; poisoning by acetaminophen; pulmonary cystic fibrosis,Respiratory
487,L-Glutamine,DB00130,146.15,-1.34,3,3,106.41,4,Dietary Supplements,P15104; P17812; Q06203,Short Bowel Syndrome,,Others
488,L-Serine,DB00133,105.09,-1.61,3,3,83.55,2,Dietary Supplements,O15269; O15270; P20132; P21549; P35520; P49591; Q9GZT4,Acute tuberculosis,"bacterial urinary infection; escherichia coli urinary tract infection; glaucoma, open-angle; tuberculosis, pulmonary",Infection
489,Labetalol,DB00598,328.41,2.14,4,4,95.58,8,Antihypertensive Agents,P07550; P08588,Hypertensive disease,,Others
490,Lactic Acid,DB04398,90.08,-0.55,2,2,57.53,1,,P09546; Q9RW27,Pruritus,,Others
491,Lactose,DB04465,342.3,-5.4,8,11,189.53,4,,P00722; Q7Z4J2; Q9NZD2,Lactose Intolerance,,Others
492,Lactulose,DB00581,342.3,-5.4,8,11,189.53,5,Gastrointestinal Agents,P06864,Constipation,hepatic encephalopathy; hyperammonemia,Liver
493,Lamivudine,DB00709,229.26,-0.59,2,6,90.37,2,Anti-HIV Agents,,HIV Infections,"hepatitis b, chronic",Infection
494,Lamotrigine,DB00555,256.1,2.01,2,5,90.71,1,Anticonvulsants,Q99250,Bipolar disorder in remission,epilepsy; epilepsy characterized by intractable complex partial seizures; lennox-gastaut syndrome; simple partial seizures; tonic - clonic seizures,Brain
495,Lanreotide,DB06791,1096.35,0.82,13,14,355.08,17,,,Acromegaly,hypersomatotropic gigantism,Others
496,Lansoprazole,DB00448,369.37,3.52,1,4,67.87,5,Enzyme Inhibitors,P20648,Duodenal Ulcer,erosive esophagitis; gastric ulcer; gastroesophageal reflux disease; peptic ulcer; zollinger-ellison syndrome,Stomach
497,Latanoprost,DB00654,432.6,4.19,3,5,86.99,13,,P43088,"Glaucoma, Open-Angle",ocular hypertension,Heart
498,Ledipasvir,DB09027,889.02,9.02,4,8,181.62,10,,,"Hepatitis C, Chronic",,Others
499,Leflunomide,DB01097,270.21,3.25,1,3,55.13,2,Antirheumatic Agents,P35869; Q02127; Q14289,"Arthritis, Psoriatic",rheumatoid arthritis,Arthritis
500,Lenalidomide,DB00480,259.26,0.03,2,4,92.5,1,Antineoplastic Agents,O14788; P33151; P35354; Q96SW2,"Malignant lymphoma, lymphocytic, intermediate differentiation, diffuse",multiple myeloma,Cancer
501,Lenvatinib,DB09078,426.86,5.06,4,5,120.05,6,,,Follicular thyroid carcinoma,papillary thyroid carcinoma,Cancer
502,Leucovorin,DB00650,473.45,-0.73,7,9,219.84,10,Vitamin B Complex,P04818,"Anemia, Megaloblastic",folic acid deficiency; methotrexate poisoning; poisoning by pyrimethamine; poisoning by sulfadiazine,Others
503,Levetiracetam,DB01202,170.21,-0.13,1,2,63.4,3,Nootropic Agents,Q00975; Q7L0J3,Epilepsy characterized by intractable complex partial seizures,simple partial seizures,Brain
504,Levobetaxolol,DB09351,307.43,2.39,2,4,50.72,11,,,"Glaucoma, Open-Angle",ocular hypertension,Heart
505,Levobunolol,DB01210,291.39,2.33,2,4,58.56,5,Sympatholytics,P07550; P08588,"Glaucoma, Open-Angle",ocular hypertension,Heart
506,Levocabastine,DB01106,420.53,4.89,1,3,64.33,4,"Histamine H1 Antagonists, Non-Sedating",O95665; P35367,Allergic Conjunctivitis,,Others
507,Levocetirizine,DB06282,388.9,3.15,1,4,53.01,8,,,Allergic rhinitis (disorder),chronic idiopathic urticaria; hay fever,Others
508,Levodopa,DB01235,197.19,0.05,4,4,103.78,3,Dopamine Agents,P14416; P21728; P21917; P21918; P35462,Parkinson Disease,"parkinson disease, postencephalitic; parkinsonian disorders",Brain
509,Levofloxacin,DB01137,361.37,1.54,1,5,75.01,2,Quinolones,P11388; P43700; P43702,Acute Moraxella catarrhalis bronchitis,"acute exacerbation of chronic bronchitis; acute maxillary sinusitis; anthrax disease; bacterial conjunctivitis; bacterial infection due to klebsiella pneumoniae; bacterial urinary infection; chlamydial pneumonia; escherichia coli urinary tract infection; haemophilus influenzae pneumonia; haemophilus parainfluenzae pneumonia; infection of skin and/or subcutaneous tissue; klebsiella cystitis; legionella pneumophila pneumonia; moraxella catarrhalis pneumonia; mycoplasma pneumonia; pyelonephritis e coli; pneumonia, bacterial; proteus urinary tract infection; pyelonephritis; staphylococcal pneumonia; staphylococcus aureus infection; streptococcal pneumonia; streptococcus pyogenes infection; urinary tract infection enterococcus",Infection
510,Levonorgestrel,DB00367,312.45,3.88,1,2,37.3,1,"Contraceptives, Oral, Synthetic",P03372; P06401; P10275; P18405,Hot flushes,menorrhagia,Others
511,Levorphanol,DB00854,257.38,3.08,1,2,23.47,0,"Analgesics, Opioid",P35372; P41143; P41145,Pain,,Others
512,Levosimendan,DB00922,280.29,1.36,2,6,113.43,3,Phosphodiesterase Inhibitors,P63316; Q14432; Q14654; Q15842,Congestive heart failure,,Others
513,Levothyroxine,DB00451,776.87,4.56,3,4,92.78,5,,P10827; P10828,Congenital Hypothyroidism,goiter; hashimoto disease; hyperlipidemia; hypothyroidism; malignant neoplasm of thyroid; myxedema,Cancer
514,Lidocaine,DB00281,234.34,2.58,1,2,32.34,5,Anti-Arrhythmia Agents,P00533; Q14524; Q15858; Q9Y5Y9,Hemorrhoids,infestation by phthirus pubis; mouth irritation; neuralgia; pediculus capitis infestation; postherpetic neuralgia; premature ejaculation; pruritus; pruritus ani; scabies <infestation>; skin irritation; urethritis; ventricular arrhythmia,Heart
515,Linaclotide,DB08890,1526.77,-5.94,19,26,573.91,13,,P25092,Chronic idiopathic constipation,irritable bowel syndrome; irritable bowel syndrome characterized by constipation,Stomach
516,Lincomycin,DB01627,406.55,-0.86,5,8,122.49,7,Anti-Bacterial Agents,P0A7J6,Pneumococcal Infections,streptococcal infections,Infection
517,Linezolid,DB00601,337.35,1.12,1,5,71.11,4,Anti-Bacterial Agents,,Staphylococcal Pneumonia,staphylococcus aureus infection; streptococcus pyogenes infection,Infection
518,Liothyronine,DB00279,650.98,3.95,3,4,92.78,5,Hormone Replacement Agents,P10827; P10828,Congenital Hypothyroidism,endemic goiter; goiter; hypothyroidism; malignant neoplasm of thyroid; myxedema; myxedema coma,Cancer
519,Lisdexamfetamine,DB01255,263.38,1.19,3,3,81.14,8,,P35368; Q01959,Attention deficit hyperactivity disorder,binge eating disorder,Others
520,Lisinopril,DB00722,405.5,1.24,4,5,132.96,12,,P12821; Q9BYF1,Chronic heart failure,hypertensive disease; myocardial infarction,Heart
521,Lisuride,DB00589,338.46,2.84,2,2,51.37,3,Antiparkinson Agents,P08908; P08913; P14416; P18089; P18825; P21728; P21917; P21918; P28221; P28222; P28223; P28335; P35462; P41595,Acromegaly,amenorrhea; migraine disorders,Pain
522,Lobeglitazone,DB09198,480.55,3.69,1,9,102.88,10,,,"Diabetes Mellitus, Non-Insulin-Dependent",,Others
523,Lodoxamide,DB06794,311.64,0.26,4,5,156.59,2,,,"Conjunctivitis, Vernal","keratoconjunctivitis, vernal",Eye
524,Lomefloxacin,DB00978,351.35,1.8,2,4,74.57,3,Anti-Infective Agents,P11388; P43700; P43702,Acute exacerbation of chronic bronchitis,bronchitis; cystitis escherichia; lower respiratory tract infection; urinary tract infection,Urinary
525,Lomustine,DB01206,233.7,2.25,1,3,61.77,4,"Antineoplastic Agents, Alkylating",Q9H169,Brain Neoplasms,hodgkin disease,Others
526,Loperamide,DB00836,477.05,5.09,1,3,43.78,7,Antidiarrheals,O00555; P01189; P35372; P41143; P41145; P62158,Diarrhea,traveler's diarrhea,Stomach
527,Lopinavir,DB01601,628.81,4.33,4,5,120.0,15,Anti-HIV Agents,,HIV Infections,,Others
528,Lorazepam,DB00186,321.16,3.1,2,3,61.69,1,Hypnotics and Sedatives,P30536,Absence Epilepsy,"anxiety; epilepsies, myoclonic; epileptic drop attack; lennox-gastaut syndrome; panic disorder; status epilepticus",Mental Health
529,Lornoxicam,DB06725,371.83,2.45,2,7,99.6,2,"Anti-Inflammatory Agents, Non-Steroidal",P23219; P35354,Pain,,Others
530,Losartan,DB00678,422.92,4.27,2,5,92.51,8,Antihypertensive Agents,P30556,Diabetic Nephropathy,hypertensive disease; hypertensive urgency,Others
531,Loteprednol,DB00873,394.9,2.74,2,5,83.83,2,Anti-Allergic Agents,P04150,Allergic Conjunctivitis,anterior uveitis; corneal perforation; corneal abrasion; herpes zoster keratitis; herpes zoster keratoconjunctivitis; iridocyclitis; iritis; ocular rosacea; punctate keratitis; rosacea,Eye
532,Lovastatin,DB00227,404.55,4.2,1,5,72.83,6,Anticholesteremic Agents,P04035; P20701; Q92769,Arteriosclerosis,"familial hypercholesterolemia - heterozygous; hypercholesterolemia; hyperlipidemia; hyperlipidemia, familial combined; hypertriglyceridemia; hypoalphalipoproteinemias",Metabolic
533,Loxoprofen,DB09212,246.31,2.79,1,2,54.37,4,,,Rheumatoid Arthritis,,Others
534,Lubiprostone,DB01046,390.47,4.31,2,4,83.83,11,Laxatives,P51788,Chronic idiopathic constipation,irritable bowel syndrome characterized by constipation,Stomach
535,Lumefantrine,DB06708,528.95,9.15,1,2,23.47,10,Antimalarials,,"Malaria, Falciparum",,Others
536,Lumiracoxib,DB01283,293.73,4.16,2,2,49.33,4,Cyclooxygenase 2 Inhibitors,P23219; P35354,Degenerative polyarthritis,,Others
537,MACITENTAN,DB08932,588.28,3.57,2,8,128.22,11,Vasodilator Agents,P24530; P25101,Pulmonary arterial hypertension,,Others
538,Magnesium salicylate,DB01397,298.53,-0.87,2,6,120.72,2,,P23219; P35354,Arthralgia,back pain; bursitis; degenerative polyarthritis; dysmenorrhea; fever; headache disorders; pain; rheumatoid arthritis; shoulder tendinitis; synovitis,Arthritis
539,Mannitol,DB00742,182.17,-3.59,6,6,121.38,5,Sweetening Agents,,Cerebral Edema,cystic fibrosis; edema; ocular hypertension; pseudotumor cerebri,Heart
540,Masoprocol,DB00179,302.37,3.57,4,4,80.92,5,Antineoplastic Agents,P09917,Actinic keratosis,,Others
541,Mazindol,DB00579,284.75,2.61,1,3,35.83,1,Adrenergic Uptake Inhibitors,P23975; P31645; Q01959,Obesity,,Others
542,Mebendazole,DB00643,295.3,2.97,2,4,84.08,3,Tubulin Modulators,P68371; Q71U36,Ascariasis,enterobiasis; infection by trichuris trichiura,Infection
543,Meclofenamic acid,DB00939,296.15,4.74,2,2,49.33,3,"Anti-Inflammatory Agents, Non-Steroidal",O43525; O43526; P09917; P23219; P35354,Degenerative polyarthritis,dysmenorrhea; menorrhagia; pain; rheumatoid arthritis,Arthritis
544,Medroxyprogesterone Acetate,DB00603,386.53,4.66,0,4,60.44,2,"Antineoplastic Agents, Hormonal",P03372; P06401,Atrophic Vaginitis,endometrial carcinoma; endometriosis; hot flushes; metrorrhagia; secondary malignant neoplasm of kidney; secondary physiologic amenorrhea,Cancer
545,Medrysone,DB00253,344.5,3.94,1,3,54.37,1,Anti-Inflammatory Agents,P04150,Allergic Conjunctivitis,corneal ulcer; corneal abrasion; cyclitis; herpes zoster keratitis; iridocyclitis; iritis; punctate keratopathy; rosacea; uveitis,Infection
546,Mefenamic acid,DB00784,241.29,3.75,2,2,49.33,3,"Anti-Inflammatory Agents, Non-Steroidal",P23219; P35354,Dysmenorrhea,pain,Pain
547,Mefloquine,DB00358,378.32,4.45,2,3,45.15,2,Antimalarials,P29274; P69905,"Malaria, Vivax",,Others
548,Megestrol acetate,DB00351,370.49,4.19,0,4,60.44,2,"Antineoplastic Agents, Hormonal",P04150; P06401,Endometrial Carcinoma,hormone receptor positive malignant neoplasm of breast; nutritional deficiency associated with aids,Cancer
549,Melatonin,DB01065,232.28,1.86,2,2,54.12,4,Antioxidants,P03372; P05164; P11678; P16083; P27797; P46597; P48039; P49286; P62158,Sleep Initiation and Maintenance Disorders,,Others
550,Meloxicam,DB00814,351.41,1.95,2,6,99.6,2,"Anti-Inflammatory Agents, Non-Steroidal",P23219; P35354,Degenerative polyarthritis,rheumatoid arthritis,Arthritis
551,Melphalan,DB01042,305.2,1.93,2,3,66.56,8,,,Malignant neoplasm of ovary,multiple myeloma,Cancer
552,Menthol,DB00825,156.27,2.44,1,1,20.23,1,Antipruritics,O75762; P41145; Q7Z2W7; Q8NET8,Arthritic pains,back pain; diaper rash; mouth irritation; pruritus; scurfiness of scalp; seborrheic dermatitis; skin irritation; sprains and strains; tinea versicolor,Skin
553,Mepenzolate,DB04843,340.44,2.7,1,3,46.53,4,Cholinergic Antagonists,P11229; P20309,Gastric ulcer,peptic ulcer,Stomach
554,Mercaptopurine,DB01033,152.18,1.02,2,3,57.36,0,Immunosuppressive Agents,P00492; Q06203,Acute Promyelocytic Leukemia,acute lymphocytic leukemia,Cancer
555,Meropenem,DB00760,383.47,-0.31,3,6,110.18,5,Anti-Bacterial Agents,P24228,Abdominal Abscess,"complicated appendicitis; infection due to pseudomonas aeruginosa; intraabdominal infections; meningitis, bacterial; meningitis, pneumococcal; meningococcal meningitis; peritonitis; streptococcal meningitis",Infection
556,Mesalazine,DB00244,153.14,0.67,3,3,83.55,1,"Anti-Inflammatory Agents, Non-Steroidal",O14920; O15111; P05164; P09917; P23219; P35354; P37231,Chronic ulcerative proctitis,chronic ulcerative rectosigmoiditis; ulcerative colitis; ulcerative colitis in remission,Stomach
557,Mesoridazine,DB00933,386.59,4.9,0,4,23.55,4,Antipsychotic Agents,P14416; P28223,Schizophrenia,,Others
558,Mestranol,DB01357,310.44,3.92,1,2,29.46,1,,P03372,Endometriosis,female hypogonadism syndrome; menorrhagia,Others
559,Metaxalone,DB00660,221.26,1.79,1,3,47.56,3,Neuromuscular Agents,,Muscle Spasticity,,Others
560,Methacycline,DB00931,442.42,-1.06,5,9,178.46,2,Anti-Bacterial Agents,,Bacterial enteritis,,Others
561,Methadone,DB00333,309.45,4.29,0,2,20.31,7,"Analgesics, Opioid",P35372; P41143; P46098; Q8TCU5; Q9GZZ6,Opioid withdrawal,severe pain,Pain
562,Methantheline,DB00940,340.44,3.95,0,3,35.53,6,Muscarinic Antagonists,P11229; P25021,Gastric ulcer,peptic ulcer; urinary incontinence,Stomach
563,Methazolamide,DB00703,236.28,-1.42,1,5,107.41,1,,P00915; P00918; P22748; P43166,Angle Closure Glaucoma,"glaucoma, open-angle; secondary glaucoma",Eye
564,Methimazole,DB00763,114.17,1.08,1,1,20.72,0,Antithyroid Agents,P07202,Hyperthyroidism,,Others
565,Methocarbamol,DB00423,241.24,0.53,2,5,91.01,6,"Muscle Relaxants, Central",P00915,Muscle Spasticity,,Others
566,Methotrexate,DB00563,454.45,0.27,5,10,210.54,9,Antirheumatic Agents,P00374,Acute lymphocytic leukemia,"burkitt lymphoma; cancer of head and neck; gestational trophoblastic neoplasms; lymphoma, non-hodgkin; malignant epithelial neoplasm of female breast; malignant neoplasm of lung; meningeal leukemia; mycosis fungoides; osteosarcoma of bone; psoriasis; rheumatoid arthritis",Cancer
567,Methoxamine,DB00723,211.26,1.08,2,4,64.71,4,Vasoconstrictor Agents,P25100; P35348; P35368,Paroxysmal supraventricular tachycardia,,Others
568,Methsuximide,DB05246,203.24,1.33,0,2,37.38,1,Anticonvulsants,O43497,Absence Epilepsy,epilepsy,Brain
569,Methyclothiazide,DB00232,360.24,0.6,2,5,109.57,2,Sodium Chloride Symporter Inhibitors,P00915; P00918; P22748; Q13621,Edema,hypertensive disease; renal disease with edema nos,Kidney
570,Methyldopa,DB00968,211.22,0.44,4,4,103.78,3,Antihypertensive Agents,P08913; P20711,Hypertensive disease,,Others
571,Methylergometrine,DB00353,339.44,1.92,3,3,68.36,4,Oxytocics,P21728,Postpartum Hemorrhage,,Others
572,Methylnaltrexone,DB06800,356.44,1.67,2,4,66.76,2,Narcotic Antagonists,P35372; P41145,Drug-induced constipation,,Others
573,Methylprednisolone,DB00959,374.48,1.8,3,5,94.83,2,Anti-Inflammatory Agents,P04150,Acquired thrombocytopenia,"acute lymphocytic leukemia; addison disease; addisonian crisis; adrenal cortical hypofunction; adrenogenital disorder; allergic rhinitis (disorder); anemia, diamond-blackfan; angioedema; ankylosing spondylitis; arthritis, gouty; arthritis, psoriatic; aspiration pneumonitis; asthma; autoimmune diseases; autoimmune hemolytic anemia; berylliosis; bursitis; cerebral edema; chronic small plaque psoriasis; congenital adrenal hyperplasia; contact dermatitis; cooley's anemia; crohn disease; dermatitis herpetiformis; dermatitis, atopic; dermatologic disorders; disorder of eye; epicondylitis; erythema multiforme; exacerbation of asthma; exanthema; exfoliative dermatitis; granuloma annulare; hay fever; hodgkin disease; humoral hypercalcemia of malignancy (disorder); inflammatory bowel diseases; laryngeal edema; lichen simplex chronicus; lupus erythematosus, discoid; lupus erythematosus, systemic; lymphoma, follicular; lymphoma, non-hodgkin; lymphoma, t-cell, cutaneous; multiple sclerosis; musculoskeletal diseases; mycosis fungoides; nephrotic syndrome; pemphigus; post traumatic osteoarthritis; pruritus ani; pruritus of genital organs; psoriasis; rheumatic heart disease; rheumatoid arthritis; rhinitis, allergic, perennial; sarcoidosis; scalp psoriasis; seborrheic dermatitis; serum sickness; simple pulmonary eosinophilia; status asthmaticus; synovitis; tendinitis; tenosynovitis; thyroiditis; transplanted organ rejection; trichinellosis; tuberculosis, miliary",Arthritis
574,Methylscopolamine bromide,DB00462,398.3,-1.93,1,4,59.06,4,Parasympatholytics,P08172; P11229; P20309,Allergic rhinitis (disorder),"common cold; coughing; irritable bowel syndrome; nasal congestion (finding); peptic ulcer; rhinitis, vasomotor; rhinorrhea",Stomach
575,Methyltestosterone,DB06710,302.46,4.27,1,2,37.3,0,"Antineoplastic Agents, Hormonal",P10275,Deficiency of testosterone biosynthesis,delayed puberty; hormone receptor positive malignant neoplasm of breast; hot flushes; testicular hypogonadism,Cancer
576,Methyprylon,DB01107,183.25,1.13,1,2,46.17,2,Hypnotics and Sedatives,P14867,Sleeplessness,,Others
577,Meticillin,DB01603,380.42,0.95,2,6,105.17,5,Anti-Bacterial Agents,P0A3M6; Q75Y35; Q7CRA4; Q8DNB6; Q8DR59,Bacterial sepsis,infection of skin and/or subcutaneous tissue; sinusitis; staphylococcal pneumonia,Ear/Nose/Throat
578,Metipranolol,DB01214,309.41,2.27,2,5,67.79,7,Antihypertensive Agents,P07550; P08588,"Glaucoma, Open-Angle",ocular hypertension,Heart
579,Metoclopramide,DB01233,299.8,2.0,2,4,67.59,7,Antiemetics,P11229; P14416; P46098; Q13639,Chemotherapy-induced nausea and vomiting,gastroesophageal reflux disease; gastroparesis due to diabetes mellitus,Diabetes
580,Metolazone,DB00524,365.84,2.71,2,4,92.5,2,Antihypertensive Agents,P55017,Hypertensive disease,renal disease with edema nos,Kidney
581,Metoprolol,DB00264,267.37,1.61,2,4,50.72,9,Antihypertensive Agents,P07550; P08588,Acute Coronary Syndrome,angina pectoris; chronic heart failure; hypertensive disease; myocardial infarction,Heart
582,Metronidazole,DB00916,171.16,0.09,1,4,81.19,3,Antiprotozoal Agents,O25608,Abdominal Abscess,"acute amebiasis; arthropathy associated with infection; bacterial vaginosis; bacterial sepsis; bacteroides empyema; brain abscess; endometritis; female genital tract infection; giardiasis; infection due to anaerobic bacteria; infection of bone; infection of skin and/or subcutaneous tissue; intraabdominal infections; liver abscess; liver abscess, amebic; lower respiratory tract infection; meningitis due to bacteroides; peritonitis; septicemia due to bacteroides; trichomonas infections; tubo-ovarian abscess",Infection
583,Metyrosine,DB00765,195.22,0.74,3,3,83.55,3,Enzyme Inhibitors,P07101,Pheochromocytoma,,Others
584,Mezlocillin,DB00948,539.59,-0.23,3,8,173.5,6,Penicillins,P0AD65; Q75Y35,Acute gonococcal cervicitis,acute gonococcal endometritis; acute gonococcal urethritis; aspiration pneumonia; bacterial infection due to klebsiella pneumoniae; bacterial sepsis; enterobacter pneumonia; genitourinary tract infection; gonorrhea; haemophilus influenzae pneumonia; infection of skin and/or subcutaneous tissue; intraabdominal infections; pneumonia due to escherichia coli; pneumonia due to pseudomonas; serratia infections; urinary tract infection,Infection
585,Micafungin,DB01141,1270.29,-3.9,16,23,510.14,18,Antifungal Agents,A2QLK4,Candidemia,candidiasis of the esophagus; septicemia candida; systemic candidiasis; candidal peritonitis,Others
586,Midodrine,DB00211,254.29,-0.19,3,5,93.81,6,Vasoconstrictor Agents,P25100; P35348; P35368,"Hypotension, Orthostatic",,Others
587,Mifepristone,DB00834,429.6,5.41,1,3,40.54,2,Hormone Antagonists,P04150; P06401,Unspecified Abortion,,Others
588,Miglitol,DB00491,207.23,-3.26,5,6,104.39,3,,O43451; P10253; Q14697; Q8TET4,"Diabetes Mellitus, Non-Insulin-Dependent",,Others
589,Miglustat,DB00419,219.28,-1.45,4,5,84.16,4,Enzyme Inhibitors,Q16739,Gaucher Disease,"niemann-pick disease, type c",Others
590,Milrinone,DB00235,211.22,1.62,1,3,69.54,1,Platelet Aggregation Inhibitors,Q14432,Decompensated cardiac failure,,Others
591,Minocycline,DB01017,457.48,0.19,5,9,164.63,3,Anti-Bacterial Agents,P01584; P09917; P0A7V8; P0A7X3; P14780; P15692; P29466; P42574; P99999,Acne Vulgaris,actinomycosis; acute gonococcal cervicitis; acute gonococcal endometritis; acute gonococcal urethritis; bartonella infections; bronchitis; brucellosis; chancroids; chlamydia trachomatis infection of genital structure; cholera; fusospirochetal pharyngitis; gingivostomatitis; gonorrhea; gonorrhea of pharynx; gonorrhea of rectum; granuloma inguinale; infection by campylobacter fetus; infection of skin and/or subcutaneous tissue; infective otitis media; listeriosis; lymphogranuloma venereum; meningococcus carrier; periodontitis; pharyngitis; plague; pneumonia; psittacosis; q fever; relapsing fever; rickettsialpox; rocky mountain spotted fever; sinusitis; syphilis; typhus; trachoma; tularemia; urinary tract infection; yaws,Ear/Nose/Throat
592,Minoxidil,DB00350,209.25,-0.13,2,5,95.11,1,Antihypertensive Agents,P23219; P48048,Alopecia,hypertensive disease,Others
593,Mirabegron,DB08893,396.52,2.77,4,6,100.27,9,"Muscle Relaxants, Genitourinary",P13945,Bladder muscle dysfunction - overactive,,Others
594,Misoprostol,DB00929,382.54,3.95,2,5,83.83,13,Oxytocics,P35408; P43115; P43116,Postpartum Hemorrhage,,Others
595,Mitiglinide,DB01252,315.41,2.97,1,2,57.61,5,Hypoglycemic Agents,P37231; Q09428,"Diabetes Mellitus, Non-Insulin-Dependent",,Others
596,Mitomycin,DB00305,334.33,-1.65,3,8,146.89,3,Nucleic Acid Synthesis Inhibitors,,Adenocarcinoma of pancreas,malignant neoplasm of stomach stage iv,Cancer
597,Mitoxantrone,DB01204,444.49,-0.14,8,10,163.18,12,Antineoplastic Agents,P11388,"Leukemia, Myelocytic, Acute","metastatic prostate carcinoma; multiple sclerosis, relapsing-remitting",Cancer
598,Moclobemide,DB01171,268.74,1.4,1,3,41.57,4,Antidepressive Agents,P21397,Depressive disorder,,Others
599,Modafinil,DB00745,273.36,2.01,1,2,60.16,5,Central Nervous System Stimulants,P35368; Q01959,Narcolepsy,,Others
600,Moexipril,DB00691,498.58,2.58,2,7,114.4,11,Angiotensin-Converting Enzyme Inhibitors,P12821; Q9BYF1,Hypertensive disease,,Others
601,Molindone,DB01618,276.38,1.96,1,3,45.33,3,Antipsychotic Agents,P08908; P11229; P14416; P28223,Schizophrenia,,Others
602,Mometasone,DB00764,427.37,3.41,2,4,74.6,2,,P04150,Allergic asthma,"allergic rhinitis (disorder); asthma; chronic small plaque psoriasis; contact dermatitis; exanthema; granuloma annulare; intrinsic asthma; lichen simplex chronicus; lupus erythematosus, discoid; lymphoma, t-cell, cutaneous; pruritus ani; pruritus of genital organs; scalp psoriasis; seborrheic dermatitis",Skin
603,Montelukast,DB00471,586.2,8.95,2,4,70.42,12,Anti-Arrhythmia Agents,P09917; Q9Y271,Allergic asthma,allergic rhinitis (disorder); intrinsic asthma,Respiratory
604,Moricizine,DB00680,427.53,4.11,1,6,71.11,5,Anti-Arrhythmia Agents,Q14524,Ventricular arrhythmia,,Others
605,Morphine,DB00295,285.34,1.2,2,4,52.93,0,"Analgesics, Opioid",P35372; P41143; P41145,Acute postoperative pain,chronic pain; diarrhea; pain; severe pain,Pain
606,Moxifloxacin,DB00218,401.44,2.37,2,5,83.8,4,Quinolones,P11388; P43700; P43702,Abdominal Abscess,"acute bacterial sinusitis; acute exacerbation of chronic bronchitis; bacterial conjunctivitis; bacterial infection due to klebsiella pneumoniae; chlamydial pneumonia; enterobacteriaceae infections; haemophilus influenzae pneumonia; infection of skin and/or subcutaneous tissue; intraabdominal infections; moraxella catarrhalis pneumonia; mycoplasma pneumonia; peritonitis; plague, septicemic; pneumonia due to klebsiella pneumoniae; pneumonia, bacterial; pneumonic plague; rhinoscleroma; staphylococcal pneumonia; staphylococcus aureus infection; streptococcal pneumonia; streptococcus pyogenes infection",Infection
607,Mupirocin,DB00410,500.63,2.59,4,8,146.05,16,Anti-Bacterial Agents,,Impetigo,,Others
608,Nabumetone,DB00461,228.29,3.37,0,2,26.3,4,Cyclooxygenase 2 Inhibitors,P23219; P35354,Degenerative polyarthritis,rheumatoid arthritis,Arthritis
609,Nadolol,DB01203,309.41,0.63,4,5,81.95,5,,P07550; P08588,Angina Pectoris,hypertensive disease,Others
610,Nafarelin,DB00666,1322.5,-1.41,17,15,472.13,33,Antiendometriotic agent,P30968,Endometriosis,precocious puberty,Others
611,Nafcillin,DB00607,414.48,2.48,2,5,95.94,5,Anti-Bacterial Agents,P0A3M6; Q75Y35; Q7CRA4; Q8DNB6; Q8DR59,Infection of bone,infection of skin and/or subcutaneous tissue; osteomyelitis due to staphylococcus aureus; sepsis due to staphylococcus aureus; staphylococcal infections; staphylococcal pneumonia; staphylococcal endocarditis; staphylococcal meningitis; staphylococcus aureus infection,Skin
612,Nalbuphine,DB00844,357.45,1.71,3,5,73.16,2,,P35372; P41143; P41145,Labor Pain,pain,Pain
613,Naloxegol,DB09049,651.79,1.86,2,12,126.77,24,,,Drug-induced constipation,,Others
614,Naloxone,DB01183,327.38,1.3,2,5,70.0,2,Narcotic Antagonists,O00206; P03372; P16220; P35372; P41143; P41145,Drug-induced constipation,opiate addiction; pain; poisoning by opiate analgesic drug,Pain
615,Naltrexone,DB00704,341.41,1.53,2,5,70.0,2,Appetite Depressants,P35372; P41143; P41145,"Alcoholic Intoxication, Chronic",chronic pain; drug-induced constipation; obesity; severe pain,Pain
616,Nandrolone decanoate,DB08804,428.66,7.18,0,3,43.37,9,Anabolic Agents,P10275,Anemia in chronic kidney disease,,Others
617,Naproxen,DB00788,230.26,3.04,1,2,46.53,3,,P23219; P35354,Ankylosing spondylitis,arthralgia; bursitis; degenerative polyarthritis; dysmenorrhea; fever; gout; headache disorders; migraine disorders; myalgia; pain; rheumatoid arthritis; rhinorrhea; sinus headache; tendinitis; toothache,Pain
618,Naratriptan,DB00952,335.47,2.07,2,3,65.2,5,Serotonin Antagonists,P08908; P28221; P28222; P30939,Migraine Disorders,,Others
619,Natamycin,DB00826,665.73,0.12,7,13,230.99,3,Macrolides,,Fungal conjunctivitis,fungal keratitis,Infection
620,Nateglinide,DB00731,317.43,3.26,2,2,66.4,6,Hypoglycemic Agents,P37231; Q09428,"Diabetes Mellitus, Non-Insulin-Dependent",,Others
621,Nebivolol,DB04861,405.44,2.36,3,5,70.95,6,Antihypertensive Agents,P07550; P08588,Hypertensive disease,,Others
622,Nedocromil,DB00716,371.35,2.48,2,5,126.81,5,Anti-Allergic Agents,P07900; P21462; Q13258; Q9NS75; Q9Y271,Allergic Conjunctivitis,asthma; itching of eye,Respiratory
623,Nelarabine,DB01280,297.27,-1.97,4,9,148.77,3,,P09884,Precursor T-Cell Lymphoblastic Leukemia-Lymphoma,precursor t-cell lymphoblastic lymphoma,Cancer
624,Nelfinavir,DB00220,567.8,4.75,4,6,101.9,9,,,HIV Infections,,Others
625,Neomycin,DB00994,614.65,-8.9,13,19,353.11,9,Aminoglycosides,P0A7S3,Bacterial keratitis,blepharoconjunctivitis; corneal abrasion; hepatic coma; hepatic encephalopathy; infective blepharitis; keratitis; otitis externa; urinary tract infection; uveitis,Urinary
626,Nevirapine,DB00238,266.3,2.65,1,4,58.12,1,Anti-HIV Agents,,HIV Infections,,Others
627,Niacin,DB00627,123.11,0.78,1,2,50.19,1,Vitamin B Complex,P40261; P49019; Q15274; Q8TDS4,Familial hypercholesterolemia - heterozygous,"hypercholesterolemia; hyperlipidemia; hyperlipidemia, familial combined; hypertriglyceridemia; vitamin deficiency",Metabolic
628,Niclosamide,DB06803,327.12,3.86,2,4,92.47,3,,,Diphyllobothriasis,teniasis,Others
629,Nicotinamide,DB02701,122.13,0.18,1,2,55.98,1,,P00338; P09874; P11439; Q10588; Q9NXA8,Acne Vulgaris,pellagra,Others
630,Nilotinib,DB04868,529.53,6.36,2,6,97.62,6,Antineoplastic Agents,P00519; P10721,"Leukemia, Myeloid, Accelerated Phase","leukemia, myeloid, chronic-phase; philadelphia chromosome positive chronic myelogenous leukemia",Cancer
631,Nilutamide,DB00665,317.22,2.45,1,4,92.55,2,Antineoplastic Agents,P10275,Metastatic Prostate Carcinoma,,Others
632,Nintedanib,DB09079,539.64,4.27,2,7,97.71,7,,,Hamman-Rich syndrome,non-small cell lung carcinoma,Cancer
633,Nitazoxanide,DB00507,307.29,2.23,1,7,111.43,4,Antiparasitic Agents,,Cryptosporidiosis,giardiasis,Others
634,Nitisinone,DB00348,329.23,2.73,0,5,94.35,3,,P32754,"Tyrosinemia, Type I",,Others
635,Nitrazepam,DB01595,281.27,2.38,1,4,84.6,2,Anti-Anxiety Agents,A8MPY1; O00591; O14764; P14867; P18505; P18507; P24046; P28472; P28476; P31644; P34903; P35498; P47869; P47870; P48169; P78334; Q16445; Q8N1C3; Q99928; Q9UN88,"Epilepsies, Myoclonic",sleeplessness,Others
636,Nitrofural,DB00336,198.14,0.19,2,5,123.76,3,Anti-Infective Agents,P06715; P07003; P61889; P77390,Escherichia coli urinary tract infection,klebsiella cystitis; urinary tract infection enterococcus,Urinary
637,Nitrofurantoin,DB00698,238.16,0.07,1,6,118.05,3,Anti-Infective Agents,P0A7R5; P17117; P52647,Escherichia coli urinary tract infection,klebsiella cystitis; urinary tract infection enterococcus,Urinary
638,Norepinephrine,DB00368,169.18,0.09,4,4,86.71,2,Vasoconstrictor Agents,P00439; P07550; P08588; P08913; P13945; P18089; P18825; P25100; P35348; P35368; P54219; Q05940,Asthma,asthma attack; bronchiectasis; bronchitis; hypotension; parkinson disease; pulmonary emphysema,Respiratory
639,Norethisterone,DB00717,298.43,3.49,1,2,37.3,0,"Contraceptives, Oral, Synthetic",P06401,Acne Vulgaris,atrophic vaginitis; atrophy of vulva; endometriosis; female hypogonadism syndrome; hot flushes; menorrhagia; metrorrhagia; secondary physiologic amenorrhea,Reproductive
640,Norfloxacin,DB01059,319.34,1.27,2,4,74.57,3,Anti-Infective Agents,P11388; P43700; P43702,Abdominal Abscess,"acute moraxella catarrhalis bronchitis; acute bacterial bronchitis; acute bacterial sinusitis; acute exacerbation of chronic bronchitis; acute gonococcal cervicitis; acute gonococcal endometritis; acute gonococcal urethritis; acute maxillary sinusitis; acute osteomyelitis; anthrax disease; arthropathy associated with infection; bacterial conjunctivitis; bacterial infection due to klebsiella pneumoniae; bacterial urinary infection; bronchitis; chancroids; chlamydial cervicitis; chlamydial pelvic inflammatory disease; chlamydial pneumonia; chlamydial urethritis; chronic bacterial prostatitis; chronic tubotympanic suppurative otitis media; cystitis; cystitis escherichia; endomyometritis; enteric campylobacteriosis; enterobacter pneumonia; enterobacteriaceae infections; escherichia coli infections; escherichia coli septicemia; escherichia coli urinary tract infection; female genital tract infection; female pelvic cellulitis; gonorrhea; gonorrhea of rectum; haemophilus influenzae pneumonia; haemophilus parainfluenzae pneumonia; infection of bone; infection of skin and/or subcutaneous tissue; infective cystitis; infective otitis externa; intraabdominal infections; klebsiella cystitis; legionella pneumophila pneumonia; lower respiratory tract infection; malignant otitis externa due to pseudomonas aeruginosa; miscarriage with sepsis; moraxella catarrhalis pneumonia; mycoplasma pneumonia; nosocomial pneumonia; otitis externa; pyelonephritis e coli; peritonitis; pneumonia; pneumonia due to escherichia coli; pneumonia due to klebsiella pneumoniae; pneumonia due to pseudomonas; pneumonia, bacterial; postnatal infection; postoperative infection; proteus pneumonia; proteus urinary tract infection; pyelonephritis; rhinoscleroma; shigella infections; staphylococcal pneumonia; staphylococcus aureus infection; streptococcal pneumonia; streptococcus pyogenes infection; traveler's diarrhea; typhoid fever; urinary tract infection citrobacter; urinary tract infection enterococcus; urinary tract infection; non-gonococcal urethritis (ngu); prostatitis",Infection
641,Norgestimate,DB00957,369.51,4.71,1,4,58.89,2,"Contraceptives, Oral, Synthetic",P03372; P06401,Acne Vulgaris,atrophic vaginitis; atrophy of vulva; hot flushes,Others
642,Nystatin,DB00646,926.11,0.78,12,17,327.45,3,Ionophores,,"Candidiasis, Vulvovaginal",cutaneous candidiasis; gastrointestinal candidiasis; mucocutaneous candidiasis; oral candidiasis,Skin
643,Octreotide,DB00104,1019.26,-0.81,13,14,332.22,17,"Antineoplastic Agents, Hormonal",P30872; P30874; P35346,Acromegaly,malignant carcinoid syndrome,Others
644,Ofloxacin,DB01165,361.37,1.54,1,5,75.01,2,Anti-Bacterial Agents,P11388; P43700; P43702,Abdominal Abscess,"acute moraxella catarrhalis bronchitis; acute bacterial sinusitis; acute exacerbation of chronic bronchitis; acute gonococcal cervicitis; acute gonococcal endometritis; acute gonococcal urethritis; acute maxillary sinusitis; acute osteomyelitis; anthrax disease; arthropathy associated with infection; bacterial conjunctivitis; bacterial infection due to klebsiella pneumoniae; bacterial urinary infection; bronchitis; chancroids; chlamydial cervicitis; chlamydial pelvic inflammatory disease; chlamydial pneumonia; chlamydial urethritis; chronic bacterial prostatitis; chronic tubotympanic suppurative otitis media; cystitis; cystitis escherichia; enteric campylobacteriosis; enterobacter pneumonia; enterobacteriaceae infections; escherichia coli infections; escherichia coli septicemia; escherichia coli urinary tract infection; female genital tract infection; gonorrhea; gonorrhea of rectum; haemophilus influenzae pneumonia; haemophilus parainfluenzae pneumonia; infection of bone; infection of skin and/or subcutaneous tissue; infective cystitis; infective otitis externa; intraabdominal infections; klebsiella cystitis; legionella pneumophila pneumonia; lower respiratory tract infection; malignant otitis externa due to pseudomonas aeruginosa; moraxella catarrhalis pneumonia; mycoplasma pneumonia; nosocomial pneumonia; otitis externa; pyelonephritis e coli; pneumonia; pneumonia due to escherichia coli; pneumonia due to pseudomonas; pneumonia, bacterial; postoperative infection; proteus pneumonia; proteus urinary tract infection; pyelonephritis; rhinoscleroma; shigella infections; staphylococcal pneumonia; staphylococcus aureus infection; streptococcal pneumonia; streptococcus pyogenes infection; traveler's diarrhea; typhoid fever; urinary tract infection citrobacter; urinary tract infection enterococcus; urinary tract infection; non-gonococcal urethritis (ngu); prostatitis",Infection
645,Olanzapine,DB00334,312.44,3.44,1,5,30.87,0,Antipsychotic Agents,P08172; P08173; P08908; P08912; P08913; P11229; P14416; P18089; P18825; P20309; P21728; P21917; P21918; P25021; P28221; P28222; P28223; P28335; P28566; P34969; P35348; P35367; P35368; P35462; P41595; P46098; P47898; P50406; Q9H3N8,"Bipolar affective disorder, current episode manic","bipolar disorder in remission; depression, bipolar; major depressive disorder; mixed bipolar i disorder; schizophrenia",Mental Health
646,Olmesartan,DB00275,446.51,3.66,3,6,129.81,8,Angiotensin II Type 1 Receptor Blockers,P30556,Hypertensive disease,,Others
647,Olodaterol,DB09080,422.91,3.45,4,6,103.54,7,,,Chronic Obstructive Airway Disease,,Others
648,Olopatadine,DB00768,337.42,3.59,1,3,49.77,5,Histamine H1 Antagonists,P04271; P23297; P29034; P35367; P80511; Q99584,Allergic Conjunctivitis,allergic rhinitis (disorder); hay fever,Others
649,Olsalazine,DB01250,302.24,2.91,4,6,139.78,4,,P01579; P51580,Ulcerative colitis in remission,,Others
650,Ombitasvir,DB09296,894.13,7.69,4,9,178.72,13,,,"Hepatitis C, Chronic",,Others
651,Omeprazole,DB00338,345.42,2.9,1,5,77.1,5,Enzyme Inhibitors,P20648,Duodenal Ulcer,erosive esophagitis; gastric ulcer; gastroesophageal reflux disease; peptic esophagitis; peptic ulcer; zollinger-ellison syndrome,Stomach
652,Ondansetron,DB00904,293.37,3.13,0,2,39.82,2,Antipsychotic Agents,P08908; P28222; P35372; P46098; Q13639,Chemotherapy-induced nausea and vomiting,,Others
653,Orciprenaline,DB00816,211.26,1.13,4,4,72.72,4,Sympathomimetics,P07550,Asthma,asthma attack; bronchitis; pulmonary emphysema,Respiratory
654,Oritavancin,DB04911,1793.12,4.5,20,28,560.98,19,Anti-Bacterial Agents,,"Skin Diseases, Bacterial",staphylococcal skin infections; streptococcal infection of skin,Infection
655,Orlistat,DB01083,495.75,6.88,1,5,81.7,23,Enzyme Inhibitors,P07098; P16233; P49327,Obesity,,Others
656,Oseltamivir,DB00198,312.41,1.29,2,5,90.65,7,Antiviral Agents,P23141; Q99519; Q9Y3R4,Influenza,,Others
657,Osimertinib,DB09330,499.62,4.51,2,7,87.55,10,,,Epidermal growth factor receptor positive non-small cell lung cancer,,Others
658,Ospemifene,DB04938,378.9,5.65,1,2,29.46,8,Estrogen Antagonists,P03372,Dyspareunia,,Others
659,Oxacillin,DB00713,401.44,1.9,2,6,112.74,4,Penicillins,P0A3M6; Q75Y35; Q7CRA4; Q8DNB6; Q8DR59,Infection of bone,infection of skin and/or subcutaneous tissue; lower respiratory tract infection; osteomyelitis due to staphylococcus aureus; pharyngitis; sepsis due to staphylococcus aureus; sinusitis; staphylococcal infections; staphylococcal pneumonia; staphylococcal bacteraemia; staphylococcal endocarditis; staphylococcal meningitis; staphylococcus aureus infection,Ear/Nose/Throat
660,Oxamniquine,DB01096,279.34,1.81,3,5,87.43,5,,,Schistosomiasis,,Others
661,Oxaprozin,DB00991,293.32,4.03,1,3,63.33,5,"Anti-Inflammatory Agents, Non-Steroidal",P23219; P35354,Degenerative polyarthritis,rheumatoid arthritis,Arthritis
662,Oxazepam,DB00842,286.72,2.45,2,3,61.69,1,Anti-Anxiety Agents,A8MPY1; O00591; O14764; P14867; P18505; P18507; P24046; P28472; P28476; P31644; P34903; P47869; P47870; P48169; P78334; Q16445; Q8N1C3; Q99928; Q9UN88,Alcohol Withdrawal Delirium,anxiety,Mental Health
663,Oxcarbazepine,DB00776,252.27,2.64,1,2,63.4,0,Anticonvulsants,Q14524,"Epilepsies, Partial",epilepsy characterized by intractable complex partial seizures; simple partial seizures,Brain
664,Oxprenolol,DB01580,265.35,1.99,2,4,50.72,9,Anti-Anxiety Agents,P07550; P08588,Anxiety,hypertensive disease; ventricular arrhythmia,Heart
665,Oxybutynin,DB01062,357.49,3.34,1,4,49.77,7,Muscarinic Antagonists,P08172; P11229; P20309,Bladder muscle dysfunction - overactive,increased frequency of micturition; neurogenic urinary bladder; urge incontinence; urgency of micturition,Urinary
666,Oxycodone,DB00497,315.37,1.05,1,5,59.0,1,"Analgesics, Opioid",P35372; P41143; P41145,Acute postoperative pain,severe pain,Pain
667,Oxymetazoline,DB00935,260.38,2.85,2,3,44.62,2,Sympathomimetics,P08913; P18089; P18825; P25100; P35348; P35368,Nasal congestion (finding),redness of eye; rhinorrhea,Eye
668,Oxymetholone,DB06412,332.48,4.4,2,3,57.53,0,,,"Anemia, Diamond-Blackfan",aplastic anemia; hypoplastic anemia,Blood
669,Oxymorphone,DB01192,301.34,0.75,2,5,70.0,0,"Analgesics, Opioid",P35372; P41143,Chronic pain,labor pain; pain; severe pain,Pain
670,Oxyphencyclimine,DB00383,344.46,2.73,1,5,62.13,5,Cholinergic Antagonists,P08172; P11229; P20309,Peptic Ulcer,,Others
671,Oxytetracycline,DB00595,460.44,-1.24,7,10,201.85,2,Tetracyclines,P0A7V8; P0A7X3,Actinomycosis,acute gonococcal cervicitis; acute gonococcal endometritis; acute gonococcal epididymo-orchitis; acute gonococcal urethritis; bacterial conjunctivitis; bacterial keratitis; bronchitis; brucellosis; chlamydia trachomatis infection of genital structure; gingivostomatitis; gonorrhea of pharynx; gonorrhea of rectum; granuloma inguinale; infection of skin and/or subcutaneous tissue; infective otitis media; lymphogranuloma venereum; pharyngitis; pneumonia; psittacosis; q fever; relapsing fever; rickettsialpox; rocky mountain spotted fever; sinusitis; syphilis; typhus; trachoma; urinary tract infection; yaws,Ear/Nose/Throat
672,Paclitaxel,DB01229,853.92,3.74,4,14,221.29,10,"Antineoplastic Agents, Phytogenic",O75469; P10415; P10636; P11137; P27816; Q9H4B7,Breast Carcinoma,"carcinoma breast stage iv; glaucoma, open-angle; hypertensive disease; kaposi sarcoma; malignant neoplasm of ovary; non-small cell lung carcinoma; ocular hypertension; secondary malignant neoplasm of pancreas",Cancer
673,Palbociclib,DB09073,447.54,2.97,2,8,105.04,5,,,Human epidermal growth factor 2 negative carcinoma of breast,,Others
674,Paliperidone,DB01267,426.49,3.08,1,6,84.39,4,Antipsychotic Agents,P08684; P08908; P08913; P10635; P14416; P18089; P18825; P20815; P21728; P21917; P28221; P28223; P28335; P35348; P35367; P35368; P35462,Psychotic Disorders,schizoaffective disorder; schizophrenia,Mental Health
675,Pamidronate,DB00282,235.07,-1.66,6,4,161.31,4,Bone Density Conservation Agents,P14324,Humoral hypercalcemia of malignancy (disorder),osteitis deformans; osteolytic lesions of multiple myeloma,Cancer
676,Panobinostat,DB06603,349.43,4.17,4,3,80.64,7,,,"Lymphoma, T-Cell, Cutaneous",multiple myeloma,Cancer
677,Pantoprazole,DB00213,383.38,2.88,1,6,86.33,7,Anti-Ulcer Agents,P20648,Erosive esophagitis,gastroesophageal reflux disease; multiple endocrine neoplasia; peptic ulcer; zollinger-ellison syndrome,Stomach
678,Parecoxib,DB08439,370.43,3.53,1,5,89.27,5,,P02788,Acute postoperative pain,,Others
679,Paritaprevir,DB09297,765.89,3.64,3,10,189.65,7,,,"Hepatitis C, Chronic",,Others
680,Paromomycin,DB01421,615.63,-8.86,13,19,347.32,9,Anti-Bacterial Agents,Q5SHN7,Chronic intestinal amebiasis,hepatic coma,Liver
681,Pasireotide,DB06663,1047.23,3.37,9,11,281.2,17,,P30872; P30874; P32745; P35346,Adrenal Gland Hyperfunction,,Others
682,Pazopanib,DB06589,437.53,3.14,2,7,119.03,5,,P05230; P09619; P10721; P16234; P17948; P22607; P35916; P35968; Q08881; Q9UQQ2,Renal Cell Carcinoma,sarcoma,Others
683,Pemetrexed,DB00642,427.42,0.67,6,6,191.26,9,,P00374; P04818; P22102; P31939,Malignant Pleural Mesothelioma,non-small cell lung carcinoma,Cancer
684,Pemirolast,DB00885,228.22,0.18,1,5,88.83,1,Histamine Antagonists,,Allergic Conjunctivitis,allergic rhinitis (disorder); asthma,Respiratory
685,Penbutolol,DB01359,291.44,3.47,2,3,41.49,6,Antihypertensive Agents,P07550; P08588; P08908; P28222,Hypertensive disease,,Others
686,Penciclovir,DB00299,253.26,-1.31,4,6,130.05,5,Antiviral Agents,P04293,Herpes Labialis,herpes zoster disease; recurrent genital herpes simplex; recurrent herpes simplex labialis,Infection
687,Penicillamine,DB00859,149.22,0.11,3,3,63.32,2,Antirheumatic Agents,,Cystinuria,hepatolenticular degeneration; rheumatoid arthritis,Arthritis
688,Pentazocine,DB00652,285.43,3.88,1,2,23.47,2,"Analgesics, Opioid",P35372; P41145; Q99720,Labor Pain,pain,Pain
689,Pentosan Polysulfate,DB00686,602.5,-4.81,6,17,322.55,10,,P05230; P08620; P09038,Bladder pain,interstitial cystitis,Urinary
690,Pentostatin,DB00552,268.27,-1.18,4,7,112.13,2,Antineoplastic Agents,P00813,Hairy Cell Leukemia,,Others
691,Pentoxifylline,DB00806,278.31,0.19,0,4,78.89,5,Platelet Aggregation Inhibitors,O76074; P21589; P27815; P29274; P30542; Q07343,Peripheral Vascular Diseases,,Others
692,Peramivir,DB06614,328.41,-0.35,5,4,151.03,7,,,Influenza,,Others
693,Pergolide,DB01186,314.5,4.27,1,2,19.03,4,Dopamine Agonists,P08908; P08913; P14416; P18089; P18825; P21728; P21917; P21918; P25100; P28221; P28222; P28223; P28335; P35348; P35368; P35462; P41595,Parkinsonian Disorders,,Others
694,Perindopril,DB00790,368.47,1.94,2,5,95.94,8,Angiotensin-Converting Enzyme Inhibitors,P12821,Hypertensive disease,,Others
695,Perphenazine,DB00850,403.98,3.94,1,5,29.95,6,Antipsychotic Agents,P14416; P21728; P62158,Mixed anxiety and depressive disorder,nausea and vomiting; schizophrenia,Mental Health
696,Phenacemide,DB01121,178.19,0.42,2,2,72.19,2,,P35498,Epilepsy,epilepsy characterized by intractable complex partial seizures,Brain
697,Phenazopyridine,DB01438,213.24,2.66,2,5,89.65,2,,P35498,Dysuria,,Others
698,Phenindamine,DB01619,261.37,3.92,0,1,3.24,1,Histamine H1 Antagonists,P35367,Allergic Conjunctivitis,"allergic rhinitis (disorder); nasal congestion (finding); pruritus; rhinitis, vasomotor; rhinorrhea; sneezing; symptomatic dermographism; urticaria",Ear/Nose/Throat
699,Phenol,DB03255,94.11,1.39,1,1,20.23,0,"Anti-Infective Agents, Local",P00720; Q05603,Mouth irritation,pruritus; skin irritation,Skin
700,Phenoxymethylpenicillin,DB00417,350.4,0.7,2,5,95.94,5,Anti-Bacterial Agents,P24228,Acute otitis media,erysipelas; fusospirochetal pharyngitis; gingivostomatitis; infection of skin and/or subcutaneous tissue; infective otitis media; pharyngitis; scarlet fever; staphylococcus aureus infection; streptococcal tonsillitis; upper respiratory infections,Ear/Nose/Throat
701,Phenprocoumon,DB00946,280.32,4.04,1,3,50.44,3,Anticoagulants,Q9BQB6,Myocardial Infarction,thromboembolism; thrombosis,Heart
702,Phensuximide,DB00832,189.21,1.16,0,2,37.38,1,Anticonvulsants,,Absence Epilepsy,epilepsy,Brain
703,Phentolamine,DB00692,281.36,2.84,2,4,47.86,4,Antihypertensive Agents,P08913; P35348,Cerebral Ischemia,hypertensive emergency; paroxysmal hypertension; peripheral vascular diseases; pheochromocytoma,Heart
704,Phenylephrine,DB00388,167.21,0.65,3,3,52.49,3,Vasoconstrictor Agents,P25100; P35348; P35368,Allergic Conjunctivitis,"allergic rhinitis (disorder); common cold; coughing; fever; hay fever; headache disorders; hemorrhoids; influenza-like symptoms; mydriasis; nasal congestion (finding); proctitis; pruritus ani; rectal pain; redness of eye; rhinitis; rhinitis, vasomotor; rhinorrhea; sinus headache; sneezing",Pain
705,Phenylpropanolamine,DB00397,151.21,1.07,2,2,46.25,2,Sympathomimetics,P07550; P08588; P08913; P21728; P35348,Allergic Conjunctivitis,"allergic rhinitis (disorder); common cold; coughing; hay fever; influenza-like symptoms; nasal congestion (finding); rhinitis; rhinitis, vasomotor; rhinorrhea; sinus headache; sneezing",Pain
706,Phenytoin,DB00252,252.27,1.77,2,2,58.2,2,Anticonvulsants,P35498; Q14524,Bipolar disorder in remission,"epilepsies, partial; epilepsy; epilepsy characterized by intractable complex partial seizures; lennox-gastaut syndrome; motor cortex epilepsy; simple partial seizures; status epilepticus; tonic - clonic seizures; tonic-clonic epilepsy",Brain
707,Physostigmine,DB00981,275.35,1.77,1,4,44.81,1,Cholinesterase Inhibitors,P22303,"Glaucoma, Open-Angle",anticholinergic toxicity,Others
708,Pimozide,DB01100,461.56,5.86,1,2,41.03,7,Antipsychotic Agents,P14416; P35462; P62158; Q12809,Gilles de la Tourette syndrome,,Others
709,Pindolol,DB00960,248.33,1.91,3,3,57.28,6,,P07550; P08588; P08908; P28222,Hypertensive disease,,Others
710,Pioglitazone,DB01132,356.45,3.16,1,5,68.29,7,Hypoglycemic Agents,P37231,"Diabetes Mellitus, Non-Insulin-Dependent",,Others
711,Piperacillin,DB00319,517.56,-0.24,3,7,156.43,6,Anti-Bacterial Agents,P0A3M6; Q75Y35; Q7CRA4; Q8DNB6,Abdominal Abscess,"acute gonococcal cervicitis; acute gonococcal endometritis; acute gonococcal urethritis; appendicitis; arthropathy associated with infection; bacterial infection due to klebsiella pneumoniae; bacterial sepsis; diabetic foot infection; enterobacter pneumonia; enterobacteriaceae infections; escherichia coli infections; escherichia coli septicemia; escherichia coli urinary tract infection; female genital tract infection; gonorrhea; haemophilus influenzae pneumonia; infection due to pseudomonas aeruginosa; infection of bone; infection of skin and/or subcutaneous tissue; intraabdominal infections; klebsiella cystitis; lower respiratory tract infection; nosocomial pneumonia; pelvic inflammatory disease; peritonitis; pneumonia due to escherichia coli; pneumonia due to pseudomonas; pneumonia, bacterial; postoperative infection; proteus septicemia; proteus urinary tract infection; rhinoscleroma; sepsis due to gram negative bacteria; sepsis due to pseudomonas; septicemia due to bacteroides; septicemia due to enterococcus; serratia infections; serratia sepsis; staphylococcus aureus infection; streptococcal sepsis; urinary tract infection enterococcus; urinary tract infection",Infection
712,Pipotiazine,DB01621,475.68,4.02,1,6,64.09,8,Phenothiazines,P08908; P14416; P21728; P28223,Schizophrenia,,Others
713,Pirbuterol,DB01291,240.3,0.7,4,5,85.61,4,Adrenergic beta-2 Receptor Agonists,P07550; P08588,Asthma,asthma attack; bronchiectasis; bronchitis; lung diseases; pulmonary emphysema,Respiratory
714,Pirenzepine,DB00670,351.41,1.56,1,5,68.78,2,Anti-Ulcer Agents,P11229,Peptic Ulcer,,Others
715,Piroxicam,DB00554,331.35,1.58,2,5,99.6,2,"Anti-Inflammatory Agents, Non-Steroidal",P23219; P35354,Degenerative polyarthritis,rheumatoid arthritis,Arthritis
716,Pitavastatin,DB08860,421.47,4.52,3,4,90.65,8,Hypolipidemic Agents,P04035,Hypercholesterolemia,"hyperlipidemia, familial combined",Metabolic
717,Podofilox,DB01179,414.41,2.41,1,8,92.68,4,"Antineoplastic Agents, Phytogenic",P07437; P11388; P68366,Condylomata Acuminata,,Others
718,Polaprezinc,DB09221,289.61,-1.68,2,5,126.0,6,,,Peptic Ulcer,,Others
719,Polidocanol,DB06811,582.82,4.05,1,10,103.3,37,Sclerosing Solutions,,Varicosity,,Others
720,Polymyxin B Sulfate,DB00781,1203.5,-5.24,18,18,490.66,29,Anti-Bacterial Agents,,Bacterial conjunctivitis,bacterial keratitis; bacterial sepsis; blepharoconjunctivitis; corneal abrasion; infective blepharitis; keratitis; otitis externa; urinary tract infection; uveitis,Infection
721,Polythiazide,DB01324,439.89,1.66,2,6,109.57,4,,P55017,Hypertensive disease,,Others
722,Pomalidomide,DB08910,273.25,-0.33,2,5,109.57,1,Immunosuppressive Agents,P01375; P35354; Q96SW2,Multiple Myeloma,,Others
723,Ponatinib,DB08901,532.57,4.46,1,5,65.77,4,,P00519; P06239; P07948; P07949; P10721; P11274; P11362; P12931; P16234; P21802; P22455; P22607; P35968; P36888; Q02763,"Myeloid Leukemia, Chronic",philadelphia chromosome-positive acute lymphoblastic leukemia,Cancer
724,Posaconazole,DB01263,700.79,4.57,1,9,115.7,12,Antifungal Agents,P10613,Aspergillosis,candidiasis; chromoblastomycosis; coccidioidomycosis; fusariosis; mycetoma,Others
725,Potassium Citrate,DB09125,306.39,-14.24,1,7,140.62,5,,,Calcium renal calculus,hypokalemia; renal calculus calcium oxalate; renal tubular acidosis; uric acid renal calculus,Kidney
726,Pralatrexate,DB06813,477.48,0.98,5,9,207.3,10,,P00374; P04818,Peripheral T-Cell Lymphoma,,Others
727,Pralidoxime,DB00733,137.16,0.32,1,2,36.47,1,Cholinesterase Reactivators,P06276; P22303,Organophosphate poisoning,,Others
728,Pramipexole,DB00413,211.33,1.58,2,4,50.94,3,Antioxidants,P08908; P08913; P14416; P18089; P18825; P21728; P21917; P21918; P28221; P28222; P28223; P28335; P35462; P41595,Parkinson Disease,restless legs syndrome,Others
729,Pranlukast,DB01411,481.51,4.63,2,7,123.0,9,Anti-Asthmatic Agents,P01375; P05113; P12724; P19838; Q02817; Q9Y271,Allergic rhinitis (disorder),asthma,Respiratory
730,Prasugrel,DB06209,373.45,3.89,0,5,46.61,5,Platelet Aggregation Inhibitors,Q9H244,Acute Coronary Syndrome,,Others
731,Pravastatin,DB00175,424.53,2.44,4,6,124.29,10,Hydroxymethylglutaryl-CoA Reductase Inhibitors,P04035,Arteriosclerosis,"cerebrovascular accident; familial hypercholesterolemia - heterozygous; hypercholesterolemia; hyperlipidemia, familial combined; hyperlipoproteinemia type iii; hypertriglyceridemia",Metabolic
732,Praziquantel,DB01058,312.41,2.53,0,2,40.62,1,,,Opisthorchiasis,schistosomiasis,Others
733,Prednicarbate,DB01130,488.58,3.7,1,8,116.2,6,Anti-Inflammatory Agents,P04150,Chronic small plaque psoriasis,"contact dermatitis; dermatitis, atopic; exanthema; granuloma annulare; lichen simplex chronicus; lupus erythematosus, discoid; lymphoma, t-cell, cutaneous; pruritus ani; pruritus of genital organs; scalp psoriasis; seborrheic dermatitis",Skin
734,Prednisolone,DB00860,360.45,1.56,3,5,94.83,2,"Antineoplastic Agents, Hormonal",P04150,Acquired thrombocytopenia,"acute lymphocytic leukemia; addison disease; addisonian crisis; adrenal cortical hypofunction; adrenogenital disorder; allergic conjunctivitis; allergic rhinitis (disorder); anemia, diamond-blackfan; angioedema; ankylosing spondylitis; arthritis, gouty; arthritis, psoriatic; aspergillosis, allergic bronchopulmonary; aspiration pneumonitis; asthma; autoimmune diseases; autoimmune hemolytic anemia; bacterial conjunctivitis; bacterial keratitis; berylliosis; blepharoconjunctivitis; bursitis; cerebral edema; chronic small plaque psoriasis; congenital adrenal hyperplasia; contact dermatitis; cooley's anemia; corneal ulcer; corneal abrasion; crohn disease; cyclitis; dacryocystitis; dermatitis herpetiformis; dermatitis, atopic; dermatologic disorders; disorder of eye; eosinophilic pneumonia; epicondylitis; erythema multiforme; exacerbation of asthma; exanthema; exfoliative dermatitis; extrinsic allergic alveolitis; giant cell arteritis; granuloma annulare; herpes zoster keratitis; hodgkin disease; humoral hypercalcemia of malignancy (disorder); infective blepharitis; inflammatory bowel diseases; iridocyclitis; iritis; keratitis; laryngeal edema; lichen simplex chronicus; lupus erythematosus, discoid; lupus erythematosus, systemic; lymphoma, follicular; lymphoma, non-hodgkin; lymphoma, t-cell, cutaneous; meibomianitis; multiple sclerosis; musculoskeletal diseases; mycosis fungoides; nephrotic syndrome; ocular rosacea; ophthalmia, sympathetic; pemphigus; polymyalgia rheumatica; post traumatic osteoarthritis; pruritus ani; pruritus of genital organs; psoriasis; pulmonary fibrosis; punctate keratopathy; rheumatic heart disease; rheumatoid arthritis; rosacea; sarcoidosis; scalp psoriasis; seborrheic dermatitis; serum sickness; simple pulmonary eosinophilia; sjogren's syndrome; status asthmaticus; stevens-johnson syndrome; synovitis; tendinitis; tenosynovitis; thyroiditis; transplanted organ rejection; tuberculosis, miliary; ulcerative colitis; uveitis",Stomach
735,Prednisone,DB00635,358.43,1.77,2,5,91.67,2,"Antineoplastic Agents, Hormonal",P04150; P28845,Acquired thrombocytopenia,"acute lymphocytic leukemia; addison disease; adrenal cortical hypofunction; adrenogenital disorder; allergic rhinitis (disorder); anemia, diamond-blackfan; angioedema; ankylosing spondylitis; arthritis, gouty; arthritis, psoriatic; asthma; autoimmune diseases; autoimmune hemolytic anemia; berylliosis; chronic lymphocytic leukemia; contact dermatitis; cooley's anemia; crohn disease; dermatitis herpetiformis; dermatologic disorders; diffuse large b-cell lymphoma; epicondylitis; erythema multiforme; exacerbation of asthma; exfoliative dermatitis; hodgkin disease; humoral hypercalcemia of malignancy (disorder); inflammatory bowel diseases; laryngeal edema; lupus erythematosus, systemic; lymphoma, follicular; lymphoma, non-hodgkin; lymphoma, t-cell, cutaneous; multiple sclerosis; musculoskeletal diseases; mycosis fungoides; nephrotic syndrome; pemphigus; psoriasis; rheumatic heart disease; rheumatoid arthritis; sarcoidosis; serum sickness; simple pulmonary eosinophilia; thyroiditis; transplanted organ rejection; trichinellosis",Arthritis
736,Pregabalin,DB00230,159.23,1.08,2,2,63.32,5,Analgesics,O00555,Diabetic peripheral neuropathy,fibromyalgia; generalized anxiety disorder; postherpetic neuralgia,Mental Health
737,Prilocaine,DB00750,220.32,2.32,2,2,41.13,5,"Anesthetics, Local",Q14524,Premature Ejaculation,,Others
738,Primaquine,DB01087,259.35,2.78,2,4,60.17,6,Antimalarials,P08729; P16083,"Malaria, Vivax",,Others
739,Primidone,DB00794,218.26,0.54,2,2,58.2,2,Anticonvulsants,P14867; P31644; P34903; P36544; P42262; P43681; P47869; P48169; Q13002; Q16445,Bipolar disorder in remission,"epilepsies, partial; epilepsy; epilepsy characterized by intractable complex partial seizures; lennox-gastaut syndrome; simple partial seizures; tonic - clonic seizures; tonic-clonic epilepsy",Brain
740,Probucol,DB01599,516.86,9.91,2,4,40.46,4,Antioxidants,O95477; P23141,Hypercholesterolemia,hyperlipidemia,Metabolic
741,Procaine benzylpenicillin,DB09320,570.71,2.63,3,8,142.27,10,,,Acute otitis media,"anthrax disease; bejel; erysipelas; fusospirochetal pharyngitis; gingivostomatitis; infection of skin and/or subcutaneous tissue; neurosyphilis; pharyngitis; pinta; primary genital syphilis; rat-bite fever; scarlet fever; staphylococcus aureus infection; streptococcal infections; streptococcal endocarditis; streptococcal pneumonia; streptococcal tonsillitis; streptococcus pyogenes infection; syphilis; syphilis, congenital; syphilis, latent; syphilis, secondary; syphilis, tertiary; yaws",Ear/Nose/Throat
742,Procarbazine,DB01168,221.3,1.05,3,3,53.16,5,Antineoplastic Agents,,Hodgkin Disease,,Others
743,Procyclidine,DB00387,287.45,3.94,1,2,23.47,5,Antiparkinson Agents,P08172; P08173; P11229; P20309,Extrapyramidal Disorders,"parkinson disease; parkinson disease, postencephalitic; parkinsonian disorders",Brain
744,Progesterone,DB00396,314.47,4.72,0,2,34.14,1,Progestins,P03372; P05093; P06401; P08235; P41145,Atrophic Vaginitis,endometrial carcinoma; endometriosis; hot flushes; metrorrhagia; secondary malignant neoplasm of kidney; secondary physiologic amenorrhea,Cancer
745,Proguanil,DB01131,253.74,1.79,3,1,88.79,2,,P00374,"Malaria, Falciparum",,Others
746,Propafenone,DB01182,341.45,3.24,2,4,58.56,11,Anti-Arrhythmia Agents,Q12809; Q14524,Paroxysmal atrial fibrillation,paroxysmal atrial flutter; paroxysmal supraventricular tachycardia,Others
747,Propantheline,DB00782,368.5,4.73,0,3,35.53,6,Anti-Ulcer Agents,P11229,Peptic Ulcer,,Others
748,Propranolol,DB00571,259.35,2.58,2,3,41.49,6,Antihypertensive Agents,P07550; P08588; P08908; P13945; P28222,Angina Pectoris,atrial fibrillation; hemangioma; hypertensive disease; hypertrophic cardiomyopathy; idiopathic hypertrophic subaortic stenosis; supraventricular tachycardia,Heart
749,Propylthiouracil,DB00550,170.24,1.38,2,2,48.65,2,Antimetabolites,P07202,Hyperthyroidism,thyroid crisis,Endocrine
750,Prucalopride,DB06480,367.88,2.09,2,5,76.82,6,,,Constipation,,Others
751,Pseudoephedrine,DB00852,165.24,1.33,2,2,32.26,3,,O95644; P01375; P07550; P08588; P08913; P23975; P31645; P35348; P60568; Q01959,Allergic Conjunctivitis,"allergic rhinitis (disorder); common cold; hay fever; headache disorders; influenza-like symptoms; nasal congestion (finding); rhinitis; rhinitis, vasomotor; rhinorrhea; sinus headache",Pain
752,Pyrazinamide,DB00339,123.11,-0.42,1,3,68.87,1,Antitubercular Agents,,Acute tuberculosis,"tuberculosis, meningeal; tuberculosis, pulmonary",Infection
753,Pyridoxine,DB00165,169.18,0.08,3,4,73.58,2,Vitamin B Complex,O00764,Breastfeeding (mother),"epilepsy, pyridoxine-dependent; vitamin b 6 deficiency",Brain
754,Pyrimethamine,DB00205,248.72,2.52,2,4,77.82,2,Antimalarials,P00374,Malaria,toxoplasmosis; toxoplasmosis associated with aids,Infection
755,Quazepam,DB01589,386.8,5.03,0,2,15.6,2,Hypnotics and Sedatives,A8MPY1; O00591; O14764; P14867; P18505; P18507; P24046; P28472; P28476; P31644; P34903; P47869; P78334; Q8N1C3; Q99928,Sleeplessness,,Others
756,Quetiapine,DB01224,383.52,2.86,1,6,48.3,5,Antipsychotic Agents,P08172; P08173; P08908; P08912; P08913; P11229; P14416; P18089; P18825; P20309; P21728; P21917; P21918; P25100; P28221; P28222; P28223; P28335; P28566; P34969; P35348; P35367; P35368; P35462; P46098; P50406,Bipolar Disorder,"bipolar affective disorder, current episode manic; bipolar disorder in remission; depression, bipolar; schizophrenia",Mental Health
757,Quinapril,DB00881,438.52,2.57,2,5,95.94,9,Angiotensin-Converting Enzyme Inhibitors,P12821,Chronic heart failure,hypertensive disease,Others
758,Quinestrol,DB04575,364.53,5.23,1,2,29.46,2,Estrogens,P03372,Atrophic Vaginitis,female hypogonadism syndrome; hot flushes,Others
759,Quinidine,DB00908,324.42,3.17,1,4,45.59,4,Anti-Arrhythmia Agents,O00180; Q12809; Q14524; Q9Y257,Pseudobulbar affect,,Others
760,Quinine,DB00468,324.42,3.17,1,4,45.59,4,Antimalarials,O15554; P14770,"Malaria, Falciparum",,Others
761,Quinupristin,DB01369,1022.24,2.32,4,14,231.2,10,Anti-Bacterial Agents,P0A7J6; P61177,Streptococcus pyogenes infection,,Others
762,Rabeprazole,DB01129,359.45,2.99,1,5,77.1,8,Enzyme Inhibitors,P20648,Duodenal Ulcer,"gastroesophageal reflux disease; mastocytosis, systemic; multiple endocrine neoplasia; peptic ulcer; zollinger-ellison syndrome",Stomach
763,Raloxifene,DB00481,473.59,6.08,2,6,70.0,7,Bone Density Conservation Agents,P03372; Q92731,"Osteoporosis, Postmenopausal",,Others
764,Ramelteon,DB00980,259.35,2.57,1,2,38.33,4,,P48039; P49286,Initial insomnia,,Others
765,Ramipril,DB00178,416.52,2.38,2,5,95.94,9,Angiotensin-Converting Enzyme Inhibitors,P12821,Cerebrovascular accident,chronic heart failure; hypertensive disease,Heart
766,Ramosetron,DB09290,279.34,2.89,1,2,50.68,2,,,Diarrhoea predominant irritable bowel syndrome,irritable bowel syndrome with diarrhea,Stomach
767,Ranolazine,DB00243,427.55,2.31,2,6,74.27,9,,Q14524; Q15858,Angina Pectoris,,Others
768,Regorafenib,DB08896,482.82,5.69,3,4,92.35,5,Antineoplastic Agents,P00519; P04049; P04629; P07949; P09619; P10721; P11362; P15056; P16234; P17948; P21802; P29317; P35916; P35968; P42685; Q02763; Q15759; Q16832,Gastrointestinal Stromal Tumors,metastasis from malignant tumor of colon,Cancer
769,Repaglinide,DB00912,452.6,5.22,2,4,78.87,10,Hypoglycemic Agents,P37231; Q09428,"Diabetes Mellitus, Non-Insulin-Dependent",,Others
770,Reserpine,DB00206,608.69,4.17,1,10,117.78,8,Antihypertensive Agents,P54219; Q05940,Hypertensive disease,psychotic disorders,Others
771,Retapamulin,DB01256,517.78,5.25,1,6,66.84,5,Anti-Bacterial Agents,Q9A1X4,Impetigo,superficial bacterial infection of skin,Infection
772,Ribavirin,DB00811,244.21,-3.01,4,7,143.72,3,Antiviral Agents,P20839; P22413; P26676; P49902; P55263,"Hepatitis C, Chronic",respiratory syncytial virus infections,Infection
773,Riboflavin,DB00140,376.37,-1.72,5,8,161.56,5,Vitamin B Complex,P0AFU8; P30043; Q969G6,Mineral deficiency,vitamin deficiency,Others
774,Rifabutin,DB00615,847.02,4.62,5,14,205.55,4,Anti-Bacterial Agents,P07900; P0A7Z4; P0A8T7; P0A8V2; P14625,Pulmonary Mycobacterium avium complex infection,,Others
775,Rifampicin,DB01045,822.95,4.34,6,15,220.15,4,Enzyme Inhibitors,O75469; P0A8T7; P0A8V2,Acute tuberculosis,"meningococcus carrier; tuberculosis, pulmonary",Infection
776,Rifapentine,DB01201,877.04,5.65,6,15,220.15,5,Leprostatic Agents,,"Tuberculosis, Pulmonary",,Others
777,Rifaximin,DB01220,785.89,6.16,5,12,198.38,2,Gastrointestinal Agents,O75469; P0A8V2,Diarrhoea predominant irritable bowel syndrome,hepatic encephalopathy; irritable bowel syndrome with diarrhea,Stomach
778,Rilpivirine,DB08864,366.43,4.99,2,6,97.42,5,,O75469,HIV Infections,,Others
779,Riluzole,DB00740,234.2,2.78,1,4,48.14,1,,Q14524; Q9UPY5,Amyotrophic Lateral Sclerosis,,Others
780,Rimexolone,DB00896,370.53,4.5,1,3,54.37,2,Corticosteroids,P04150,Uveitis,,Others
781,Rimonabant,DB06155,463.8,5.94,1,3,50.16,4,,P21554,Obesity,,Others
782,Riociguat,DB08931,422.42,2.44,2,8,138.07,4,,,Chronic thromboembolic pulmonary hypertension,pulmonary arterial hypertension,Heart
783,Risedronate,DB00884,283.11,-0.37,5,4,148.18,4,Bone Density Conservation Agents,P14324,Osteitis Deformans,"osteoporosis; osteoporosis, postmenopausal",Bone
784,Ritodrine,DB00867,287.36,2.35,4,4,72.72,6,Sympathomimetics,P07550,Premature Obstetric Labor,,Others
785,Ritonavir,DB00503,720.96,5.91,4,9,145.78,17,,,HIV Infections,"hepatitis c, chronic",Infection
786,Rizatriptan,DB00953,269.35,1.91,1,3,49.74,5,Serotonin Antagonists,P28221; P28222; P30939,Migraine Disorders,,Others
787,Roflumilast,DB01656,403.21,5.03,1,4,60.45,7,,P27815; Q07343; Q08493; Q08499,Severe chronic obstructive pulmonary disease,,Others
788,Rolapitant,DB09291,500.48,5.73,2,3,50.36,5,,,Chemotherapy-induced nausea and vomiting,,Others
789,Ropinirole,DB00268,260.38,2.85,1,2,32.34,7,Antiparkinson Agents,P08908; P08913; P14416; P18089; P18825; P21728; P21917; P21918; P28221; P28222; P28223; P28335; P35462; P41595,Parkinson Disease,restless legs syndrome,Others
790,Rosuvastatin,DB01098,481.55,2.4,3,7,140.92,10,Hydroxymethylglutaryl-CoA Reductase Inhibitors,P04035,Arteriosclerosis,"cerebrovascular accident; familial hypercholesterolemia - heterozygous; familial hypercholesterolemia - homozygous; hypercholesterolemia; hyperlipidemia, familial combined; hyperlipoproteinemia type iii; hypertriglyceridemia",Metabolic
791,Rotigotine,DB05271,315.48,4.27,1,3,23.47,6,Antidyskinetics,P08908; P14416; P18089; P21728; P21917; P21918; P35462,Parkinson Disease,restless legs syndrome,Others
792,Roxatidine acetate,DB08806,348.44,2.12,1,5,67.87,9,Anti-Ulcer Agents,P25021,Gastric ulcer,gastroesophageal reflux disease; zollinger-ellison syndrome,Stomach
793,Rufinamide,DB06201,238.2,0.7,1,3,73.8,3,,P41594; Q15858,Lennox-Gastaut syndrome,,Others
794,Ruxolitinib,DB08877,306.37,3.47,1,4,83.18,4,,O60674; P23458,Myelofibrosis,myeloproliferative disease,Others
795,Sacubitril,DB09292,411.5,3.84,2,4,92.7,11,,,Chronic heart failure,,Others
796,Salbutamol,DB01001,239.31,1.31,4,4,72.72,4,Adrenergic beta-2 Receptor Agonists,P07550; P08588,Asthma attack,bronchial spasm,Others
797,Salicylamide,DB08797,137.14,0.49,2,2,63.32,1,"Anti-Inflammatory Agents, Non-Steroidal",,Arthralgia,back pain; fever; headache disorders; pain,Pain
798,Salicylic acid,DB00936,138.12,1.09,2,2,57.53,1,Antifungal Agents,P23219; P35354; Q04828,Acne Vulgaris,allergic rhinitis (disorder); arthralgia; arthritic pains; back pain; common cold; corns and callus; degenerative polyarthritis; disorder of keratinization; fever; greasy skin; headache disorders; hyperkeratosis; influenza-like symptoms; migraine disorders; myocardial infarction; pain; plantar wart; rheumatoid arthritis; scurfiness of scalp; seborrheic dermatitis; sinus headache; synovitis; tinea pedis; tinea corporis (disorder); toothache,Pain
799,Salmeterol,DB00938,415.57,4.11,4,5,81.95,16,Sympathomimetics,P07550,Allergic asthma,intrinsic asthma; pulmonary emphysema,Respiratory
800,Salsalate,DB01399,258.23,2.31,2,4,83.83,3,"Anti-Inflammatory Agents, Non-Steroidal",P23219; P35354,Degenerative polyarthritis,rheumatoid arthritis,Arthritis
801,Saquinavir,DB01232,670.86,3.09,5,7,166.75,12,HIV Protease Inhibitors,,HIV Infections,,Others
802,Saxagliptin,DB06335,315.42,1.16,2,4,90.35,2,Dipeptidyl-Peptidase IV Inhibitors,P27487,"Diabetes Mellitus, Non-Insulin-Dependent",,Others
803,Scopolamine,DB00747,303.36,0.92,1,5,62.3,4,Muscarinic Antagonists,P08172; P08173; P08912; P11229; P14410; P20309,Allergic rhinitis (disorder),"common cold; coughing; cycloplegia; iridocyclitis; irritable bowel syndrome; motion sickness; mydriasis; nasal congestion (finding); peptic ulcer; posterior synechiae; rhinitis, vasomotor; rhinorrhea; uveitis",Stomach
804,Scopolamine butylbromide,DB09300,440.38,-0.76,1,4,59.06,7,,,Gastric spasm (disorder),,Others
805,Selexipag,DB11362,496.63,3.9,1,7,101.49,12,,,Pulmonary arterial hypertension,,Others
806,Sertindole,DB06144,440.95,4.63,1,2,40.51,5,Antipsychotic Agents,P14416; P25100; P28223; P28335; P35348; P35368; P50406; Q12809,Schizophrenia,,Others
807,Sildenafil,DB00203,474.59,1.61,1,7,113.42,7,,O76074; P18545; Q13956,Erectile dysfunction,pulmonary arterial hypertension,Heart
808,Silodosin,DB06207,495.54,3.07,3,6,97.05,13,Adrenergic alpha-1 Receptor Antagonists,P25100; P35348; P35368,Prostatic Hypertrophy,,Others
809,Silver sulfadiazine,DB05245,357.14,1.45,1,5,100.04,3,Anti-Bacterial Agents,,Skin Ulcer,,Others
810,Simeprevir,DB06290,749.96,5.25,2,10,156.89,8,Protease Inhibitors,,"Hepatitis C, Chronic",,Others
811,Simvastatin,DB00641,418.57,4.59,1,5,72.83,6,Anticholesteremic Agents,P04035; P05107,Arteriosclerosis,"cerebrovascular accident; familial hypercholesterolemia - heterozygous; familial hypercholesterolemia - homozygous; hypercholesterolemia; hyperlipidemia, familial combined; hyperlipoproteinemia type iii; hypertriglyceridemia; hypoalphalipoproteinemias",Metabolic
812,Sirolimus,DB00877,914.19,6.18,3,13,195.43,6,Immunosuppressive Agents,P09038; P42345; P62942,"Malignant lymphoma, lymphocytic, intermediate differentiation, diffuse",pulmonary lymphangioleiomyomatosis; renal cell carcinoma,Cancer
813,Sitaxentan,DB06268,454.91,3.96,1,8,107.73,6,,P24530; P25101,Pulmonary arterial hypertension,,Others
814,Sodium Citrate,DB09154,258.07,-14.24,1,7,140.62,5,,,Common Cold,coughing; dyspepsia; gastroesophageal reflux disease; heartburn; nasal congestion (finding); peptic ulcer; rhinitis; rhinorrhea,Stomach
815,Sofosbuvir,DB08934,529.46,1.66,3,9,158.18,10,Antiviral Agents,,"Hepatitis C, Chronic",,Others
816,Sonidegib,DB09143,681.49,4.35,7,7,222.7,5,,,Basal cell carcinoma,,Others
817,Sorafenib,DB00398,464.83,5.55,3,4,92.35,5,Antineoplastic Agents,P04049; P07949; P09619; P10721; P11362; P15056; P17948; P35916; P35968; P36888,Liver carcinoma,malignant epithelial neoplasm of thyroid; renal cell carcinoma,Cancer
818,Sparfloxacin,DB01208,392.41,2.08,3,5,100.59,3,,P11388; P43700; P43702,Acute Moraxella catarrhalis bronchitis,chlamydial pneumonia; haemophilus influenzae pneumonia; haemophilus parainfluenzae pneumonia; moraxella catarrhalis pneumonia; mycoplasma pneumonia; pneumonia,Respiratory
819,Spectinomycin,DB00919,332.35,-2.93,5,9,129.51,2,Anti-Bacterial Agents,P0A7S3,Acute gonococcal cervicitis,acute gonococcal urethritis; gonococcal infection disseminated; gonorrhea; gonorrhea of rectum,Infection
820,Spinosad,DB08823,730.0,6.15,0,10,101.99,9,Insecticides,,Pediculus capitis infestation,,Others
821,Spirapril,DB01348,466.63,2.39,2,7,95.94,9,,P12821,Hypertensive disease,,Others
822,Spironolactone,DB00421,416.58,4.85,0,5,60.44,1,Diuretics,P04150; P04278; P06401; P08235; P10275; P19099,Ascites,chronic heart failure; edema; hyperaldosteronism; hypertensive disease,Heart
823,Stanozolol,DB06718,328.5,4.12,2,2,48.91,0,Steroids,,"Angioedemas, Hereditary",,Others
824,Stavudine,DB00649,224.22,-0.71,2,4,84.32,2,Anti-HIV Agents,,HIV Infections,,Others
825,Stiripentol,DB09118,234.29,2.84,1,3,38.69,2,,,"Epilepsies, Myoclonic",infantile severe myoclonic epilepsy,Brain
826,Streptomycin,DB01082,581.58,-7.74,14,15,331.43,9,Aminoglycosides,P0A7S3,Acute tuberculosis,"bacterial urinary infection; brucellosis; chancroids; endocarditis haemophilus; escherichia coli urinary tract infection; granuloma inguinale; haemophilus influenzae pneumonia; klebsiella cystitis; plague; proteus urinary tract infection; tuberculosis, pulmonary; tularemia; urinary tract infection enterococcus",Infection
827,Sucralfate,DB00364,1448.69,-19.4,16,51,772.17,36,,P01133; P02671; P02675; P02679; P09038,Duodenal Ulcer,,Others
828,Sucroferric Oxyhydroxide,DB09146,866.55,-15.0,8,12,542.03,5,,,Hyperphosphatemia (disorder),,Others
829,Sulbactam,DB09324,233.24,-0.79,1,4,91.75,1,,,Bacterial peritonitis,cholangitis; enterobacteriaceae infections; escherichia coli infections; female genital tract infection; infection of skin and/or subcutaneous tissue; intraabdominal infections; pelvic inflammatory disease; rhinoscleroma; staphylococcus aureus infection,Infection
830,Sulfacetamide,DB00634,214.25,0.09,2,4,89.26,2,"Anti-Infective Agents, Local",P0AC13; P0C002; P53848,Acne Vulgaris,amebiasis; bacterial conjunctivitis; blepharoconjunctivitis; inclusion conjunctivitis; infective blepharitis; iridocyclitis; scurfiness of scalp; seborrheic dermatitis; trachoma; vulvovaginitis,Infection
831,Sulfadiazine,DB00359,250.28,0.86,2,5,97.97,3,Antiprotozoal Agents,,Chorioretinitis,"skin ulcer; toxoplasmosis; toxoplasmosis associated with aids; toxoplasmosis, congenital; ulcerative colitis",Stomach
832,Sulfamethizole,DB00576,270.34,1.23,2,6,97.97,3,Anti-Infective Agents,P0AC13,Acute otitis media,bacterial urinary infection; escherichia coli urinary tract infection; infective otitis media; klebsiella cystitis; proteus urinary tract infection; shigella infections,Infection
833,Sulfamethoxazole,DB01015,253.28,1.37,2,5,98.22,3,Anti-Infective Agents,P08192; P0AC13,Acute exacerbation of chronic bronchitis,acute otitis media; bacterial urinary infection; escherichia coli urinary tract infection; inclusion conjunctivitis; infective otitis media; klebsiella cystitis; nocardia infections; proteus urinary tract infection; shigella infections; toxoplasmosis,Infection
834,Sulfanilamide,DB00259,172.21,-0.08,2,3,86.18,1,Anti-Bacterial Agents,P0AC13,"Candidiasis, Vulvovaginal",vulvovaginitis,Others
835,Sulfapyridine,DB00891,249.3,1.46,2,4,85.08,3,Dermatologic Agents,,Dermatitis Herpetiformis,,Others
836,Sulfasalazine,DB00795,398.4,3.7,3,7,141.31,6,Antirheumatic Agents,O14920; O15111; P04054; P09917; P23219; P24557; P24752; P35354; P37231; Q9UPY5,Rheumatoid Arthritis,ulcerative colitis,Stomach
837,Sulfathiazole,DB06147,255.32,1.53,2,5,85.08,3,Anti-Infective Agents,,Vulvovaginitis,,Others
838,Sulfinpyrazone,DB01138,404.49,3.8,0,3,57.69,6,Uricosuric Agents,P33527; Q92887,Chronic gouty arthritis,hyperuricemia,Others
839,Sulfisoxazole,DB00263,267.31,1.67,2,5,98.22,3,Anti-Infective Agents,P0AC13,Acute otitis media,"chancroids; chlamydial cervicitis; chlamydial urethritis; inclusion conjunctivitis; infective otitis media; malaria, falciparum; meningococcal meningitis; nocardia infections; trachoma; urinary tract infection",Infection
840,Sulindac,DB00605,356.42,4.37,1,2,54.37,4,"Anti-Inflammatory Agents, Non-Steroidal",P15121; P23219; P27361; P35354; Q03181; Q9Y5Y4,Ankylosing spondylitis,"arthritis, gouty; bursitis; degenerative polyarthritis; rheumatoid arthritis; tendinitis",Arthritis
841,Sulpiride,DB00391,341.43,0.56,2,5,101.73,6,"Antidepressive Agents, Second-Generation",P14416; P35462,Schizophrenia,,Others
842,Sumatriptan,DB00669,295.41,1.32,2,3,65.2,6,Vasoconstrictor Agents,P08908; P28221; P28222; P30939,Cluster Headache,migraine disorders,Pain
843,Sunitinib,DB01268,398.48,3.33,3,3,77.23,7,,P07333; P09619; P10721; P16234; P17948; P35916; P35968; P36888,Gastrointestinal Stromal Tumors,renal cell carcinoma,Cancer
844,Tacrolimus,DB00864,804.03,4.64,3,12,178.36,7,,P62942,Liver transplant rejection,renal transplant rejection; transplanted organ rejection,Kidney
845,Tadalafil,DB00820,389.41,2.21,1,4,74.87,1,Vasodilator Agents,O76074; Q9HCR9,Erectile dysfunction,prostatic hypertrophy; pulmonary hypertension,Heart
846,Tafluprost,DB08819,452.54,4.68,2,5,75.99,12,"Prostaglandins, Synthetic",P43088,"Glaucoma, Open-Angle",ocular hypertension,Heart
847,Tamibarotene,DB04942,351.45,4.99,2,2,66.4,3,Antineoplastic Agents,P10276; P10826,Acute Promyelocytic Leukemia,,Others
848,Tamsulosin,DB00706,408.52,2.34,2,6,99.88,11,Adrenergic alpha-1 Receptor Antagonists,P25100; P35348; P35368,Prostatic Hypertrophy,,Others
849,Tapentadol,DB06204,221.34,3.08,1,2,23.47,5,,P23975; P31645; P35372; P41143; P41145; P46098,Pain,,Others
850,Tasimelteon,DB09071,245.32,3.09,1,2,41.82,4,,,Non-24 hour sleep-wake cycle,,Others
851,Tasosartan,DB01349,411.47,3.42,1,6,100.55,4,,P30556; P50052,Hypertensive disease,,Others
852,Tavaborole,DB09041,151.93,0.04,1,2,29.46,0,,,Onychomycosis due to Trichophyton mentagrophytes,onychomycosis due to trichophyton rubrum; onychomycosis of toenails,Others
853,Tazobactam,DB01606,300.3,-1.52,1,6,122.46,3,,P62594,Abdominal Abscess,"appendicitis; diabetic foot infection; haemophilus influenzae pneumonia; infection of skin and/or subcutaneous tissue; nosocomial pneumonia; pelvic inflammatory disease; peritonitis; pneumonia, bacterial; staphylococcus aureus infection",Infection
854,Tedizolid Phosphate,DB09042,450.32,1.51,2,8,152.79,6,,,"Skin Diseases, Bacterial",staphylococcal skin infections; streptococcal infection of skin,Infection
855,Tegafur,DB09256,200.17,-0.02,1,3,64.09,1,,,Malignant neoplasm of stomach,,Others
856,Telaprevir,DB05521,679.86,2.45,4,8,179.56,13,,,"Hepatitis C, Chronic",,Others
857,Telavancin,DB06402,1792.12,3.11,23,28,598.09,30,Anti-Bacterial Agents,,Pneumonia due to Staphylococcus aureus,"pneumonia, bacterial",Infection
858,Telbivudine,DB01265,242.23,-1.51,3,5,104.55,2,,,"Hepatitis B, Chronic",,Others
859,Telithromycin,DB00976,812.02,4.93,1,13,171.85,11,Ketolides,,Chlamydial pneumonia,haemophilus influenzae pneumonia; moraxella catarrhalis pneumonia; mycoplasma pneumonia; streptococcal pneumonia,Respiratory
860,Telmisartan,DB00966,514.63,7.26,1,3,72.94,7,,P30556; P37231,Cerebrovascular accident,hypertensive disease,Others
861,Temazepam,DB00231,300.75,2.47,1,3,52.9,1,Benzodiazepines,A8MPY1; O00591; O14764; P14867; P18505; P18507; P24046; P28472; P28476; P30536; P31644; P34903; P47869; P47870; P48169; P78334; Q16445; Q8N1C3; Q99928; Q9UN88,Sleeplessness,,Others
862,Temozolomide,DB00853,194.15,-2.08,1,5,108.17,1,"Antineoplastic Agents, Alkylating",,Anaplastic astrocytoma,glioblastoma multiforme of brain,Brain
863,Temsirolimus,DB06287,1030.3,5.72,4,16,241.96,10,,P42345,"Malignant lymphoma, lymphocytic, intermediate differentiation, diffuse",renal cell carcinoma,Cancer
864,Teniposide,DB00444,656.66,2.75,3,14,160.83,6,Antineoplastic Agents,P11388,Acute lymphocytic leukemia,,Others
865,Tenofovir,DB00300,287.22,-0.05,3,6,136.38,5,Anti-HIV Agents,,HIV Infections,"hepatitis b, chronic",Infection
866,Tenofovir alafenamide,DB09299,476.47,2.97,2,9,143.48,11,,,HIV Infections,,Others
867,Tenoxicam,DB00469,337.38,1.8,2,7,99.6,2,"Anti-Inflammatory Agents, Non-Steroidal",P23219; P35354,Arthritis,,Others
868,Terazosin,DB01162,387.44,1.06,1,8,103.04,4,Adrenergic alpha-1 Receptor Antagonists,P25100; P35348; P35368; Q12809; Q9H252; Q9NS40,Hypertensive disease,prostatic hypertrophy,Others
869,Terbutaline,DB00871,225.29,1.52,4,4,72.72,3,Sympathomimetics,P07550,Asthma,asthma attack; bronchitis; dry eye syndromes; pruritus; pulmonary emphysema; skin irritation,Respiratory
870,Testolactone,DB00894,300.4,3.59,0,3,43.37,0,"Antineoplastic Agents, Hormonal",P11511,Malignant epithelial neoplasm of female breast,,Others
871,Testosterone,DB00624,288.43,3.88,1,2,37.3,0,Androgens,P10275,Cryptorchidism,deficiency of testosterone biosynthesis; delayed puberty; hormone receptor positive malignant neoplasm of breast; hot flushes; hypogonadotropic hypogonadism; hypopituitarism; klinefelter syndrome; primary hypogonadism; testicular hypogonadism,Cancer
872,Testosterone Propionate,DB01420,344.5,4.84,0,3,43.37,2,,P10275,Cryptorchidism,deficiency of testosterone biosynthesis; delayed puberty; hormone receptor positive malignant neoplasm of breast; klinefelter syndrome; testicular hypogonadism,Cancer
873,Tetracycline,DB00759,444.44,-0.21,6,9,181.62,2,Anti-Bacterial Agents,P02359; P04156; P0A7U3; P0A7V3; P0A7W7; P0AG59,Acne Vulgaris,actinomycosis; acute gonococcal cervicitis; acute gonococcal endometritis; acute gonococcal epididymo-orchitis; acute gonococcal urethritis; bacterial conjunctivitis; bacterial keratitis; bronchitis; brucellosis; chlamydia trachomatis infection of genital structure; gingivostomatitis; gonorrhea; gonorrhea of pharynx; gonorrhea of rectum; granuloma inguinale; infection of skin and/or subcutaneous tissue; infective otitis media; lymphogranuloma venereum; ophthalmia neonatorum; pelvic inflammatory disease; pharyngitis; pneumonia; psittacosis; q fever; relapsing fever; rickettsialpox; rocky mountain spotted fever; sinusitis; syphilis; typhus; trachoma; urinary tract infection; yaws,Ear/Nose/Throat
874,Tetrahydrobiopterin,DB00360,241.25,-1.7,6,7,136.29,2,Dietary Supplements,P00439; P07101; P17752; P29474,Classical phenylketonuria,,Others
875,Thalidomide,DB01041,258.23,0.09,1,4,83.55,1,Immunosuppressive Agents,P01375; P19838; P21802; P35354; Q96SW2,Erythema nodosum leprosum,multiple myeloma,Cancer
876,Theophylline,DB00277,180.17,-1.04,1,3,72.68,0,Phosphodiesterase Inhibitors,O76074; P27815; P29274; P29275; P30542; Q07343; Q14432; Q92769,Asthma,asthma attack; asthma night-time symptoms; asthma-chronic obstructive pulmonary disease overlap syndrome; bronchial spasm; bronchitis; lung diseases; pulmonary emphysema; status asthmaticus,Respiratory
877,Thiabendazole,DB00730,201.25,2.69,1,3,41.57,1,Anthelmintics,P00363,Ascariasis,"enterobiasis; infection by trichuris trichiura; infection by uncinaria; larva migrans, cutaneous; strongyloidiasis; toxocariasis; trichinellosis",Infection
878,Thiamine,DB00152,265.36,0.61,2,5,75.91,4,Vitamin B Complex,O60779; Q9H3S4,"Anemia, Pernicious",mineral deficiency; thiamine deficiency; vitamin b 12 deficiency; vitamin deficiency; wernicke-korsakoff syndrome,Others
879,Thiopental,DB00599,242.34,1.35,2,3,58.2,4,Hypnotics and Sedatives,O00519; P14867; P31644; P34903; P36544; P42262; P43681; P47869; P48169; Q13002; Q16445,Epilepsy,pseudotumor cerebri,Cancer
880,Tiagabine,DB00906,375.56,5.04,1,4,40.54,6,Anticonvulsants,P30531,Epilepsy characterized by intractable complex partial seizures,simple partial seizures,Brain
881,Tiaprofenic acid,DB01600,260.31,3.17,1,3,54.37,4,"Anti-Inflammatory Agents, Non-Steroidal",P23219; P35354,Degenerative polyarthritis,pain; rheumatoid arthritis,Arthritis
882,Ticagrelor,DB08816,522.58,2.01,4,10,138.44,10,Platelet Aggregation Inhibitors,Q9H244,Acute Coronary Syndrome,peripheral vascular diseases,Others
883,Ticarcillin,DB01607,384.44,0.55,3,6,124.01,5,Anti-Bacterial Agents,,Aspiration Pneumonia,"bacterial infection due to klebsiella pneumoniae; bacterial sepsis; bacterial urinary infection; empyema, pleural; enterobacter pneumonia; enterobacteriaceae infections; escherichia coli infections; escherichia coli septicemia; escherichia coli urinary tract infection; genitourinary tract infection; haemophilus influenzae pneumonia; infection of skin and/or subcutaneous tissue; intraabdominal infections; klebsiella cystitis; lung abscess; osteomyelitis due to staphylococcus aureus; pelvic inflammatory disease; pelvic abscess; pneumonia due to escherichia coli; pneumonia due to pseudomonas; pneumonia, bacterial; proteus pneumonia; proteus septicemia; rhinoscleroma; salpingitis; sepsis due to gram negative bacteria; sepsis due to pseudomonas; sepsis due to staphylococcus aureus; serratia infections; staphylococcal pneumonia; staphylococcus aureus infection; urinary tract infection citrobacter; urinary tract infection",Infection
884,Tigecycline,DB00560,585.66,0.51,7,11,205.76,6,Anti-Bacterial Agents,P0A7S3; P0A7S9; P0A7U3; P0A7X3; P0AG59,Abdominal Abscess,complicated appendicitis; haemophilus influenzae pneumonia; intraabdominal infections; legionella pneumophila pneumonia,Infection
885,Timolol,DB00373,316.43,0.5,2,8,79.74,6,Antihypertensive Agents,P00720; P07550; P08588,"Glaucoma, Open-Angle",hypertensive disease; ocular hypertension,Heart
886,Tioguanine,DB00352,167.2,0.6,3,4,83.38,0,"Antimetabolites, Antineoplastic",,"Leukemia, Myelocytic, Acute",,Others
887,Tiotropium,DB01409,392.52,2.35,1,6,59.06,4,Cholinergic Antagonists,P08172; P11229; P20309,Asthma,"bronchitis, chronic; pulmonary emphysema",Respiratory
888,Tipiracil,DB09343,242.67,0.29,3,3,92.81,2,,,Malignant tumor of colon,,Others
889,Tipranavir,DB00932,602.68,7.33,2,6,105.59,11,Anti-HIV Agents,,HIV Infections,,Others
890,Tirofiban,DB00775,440.61,2.95,3,5,104.73,14,Fibrinolytic Agents,P05106; P08514,Acute Coronary Syndrome,non-q wave myocardial infarction,Heart
891,Tobramycin,DB00684,467.52,-6.3,10,14,268.17,6,Anti-Bacterial Agents,P0A7S3,Allergic Conjunctivitis,"anterior uveitis; bacterial conjunctivitis; bacterial infection due to klebsiella pneumoniae; bacterial peritonitis; bacterial sepsis; blepharoconjunctivitis; corneal perforation; corneal abrasion; dacryocystitis; enterobacter pneumonia; enterobacteriaceae infections; escherichia coli infections; escherichia coli septicemia; herpes zoster keratitis; infection of bone; infective blepharitis; keratoconjunctivitis; meibomianitis; meningitis, bacterial; neonatal meningitis; nosocomial pneumonia; osteomyelitis due to staphylococcus aureus; pneumonia due to escherichia coli; pneumonia due to pseudomonas; punctate keratitis; rhinoscleroma; rosacea; sepsis due to pseudomonas; sepsis of the newborn; serratia infections; staphylococcal pneumonia; staphylococcus aureus infection",Infection
892,Tocainide,DB01056,192.26,1.59,2,2,55.12,2,Anti-Arrhythmia Agents,Q14524,Ventricular arrhythmia,,Others
893,Tofacitinib,DB08895,312.38,1.54,1,5,88.91,3,,O60674; P23458; P52333,Rheumatoid Arthritis,,Others
894,Tolazamide,DB00839,311.41,1.77,2,4,78.51,3,,P48048,"Diabetes Mellitus, Non-Insulin-Dependent",,Others
895,Tolcapone,DB00323,273.24,2.55,2,5,100.67,3,Antidyskinetics,P21964,Parkinson Disease,,Others
896,Tolmetin,DB00500,257.29,2.19,1,2,59.3,4,"Anti-Inflammatory Agents, Non-Steroidal",P23219; P35354,Degenerative polyarthritis,rheumatoid arthritis,Arthritis
897,Toloxatone,DB09245,207.23,1.31,1,3,49.77,2,,,Depressive disorder,,Others
898,Tolterodine,DB01036,325.5,5.34,1,2,23.47,7,Muscarinic Antagonists,P08172; P08173; P08912; P11229; P20309,Bladder muscle dysfunction - overactive,increased frequency of micturition; urge incontinence; urgency of micturition,Others
899,Tolvaptan,DB06212,448.95,5.68,2,3,69.64,3,Vasopressin receptor antagonists,P30518; P37288,Hyponatremia,"inappropriate adh syndrome; polycystic kidney, autosomal dominant",Kidney
900,Topiramate,DB00273,339.37,-0.4,1,8,115.54,3,Anticonvulsants,P00918; P14867; P22748; P35498; P39086,Epilepsy characterized by intractable complex partial seizures,lennox-gastaut syndrome; simple partial seizures; tonic-clonic epilepsy,Brain
901,Topotecan,DB01030,421.45,1.85,2,7,104.89,3,Topoisomerase I Inhibitors,P11387; Q969P6,Malignant neoplasm of ovary,malignant tumor of cervix; small cell carcinoma of lung,Cancer
902,Torasemide,DB00214,348.43,2.53,3,5,100.19,5,Antihypertensive Agents,Q13621,Decompensated cardiac failure,edema; hypertensive disease; renal disease with edema nos,Kidney
903,Trabectedin,DB05109,761.85,3.41,4,15,168.72,3,"Antineoplastic Agents, Alkylating",,Malignant neoplasm of ovary,leiomyosarcoma; liposarcoma,Others
904,Tramadol,DB00193,263.38,2.63,1,3,32.7,4,,P20309; P23975; P28335; P31645; P35372; P41143; P41145; Q8TCU5,Chronic pain,degenerative polyarthritis; pain,Pain
905,Trametinib,DB08911,615.4,3.94,2,5,107.13,5,,P36507; Q02750,"Malignant melanoma, metastatic",,Others
906,Trandolapril,DB00519,430.55,2.77,2,5,95.94,9,Angiotensin-Converting Enzyme Inhibitors,P12821,Chronic heart failure,hypertensive disease,Others
907,Tranexamic Acid,DB00302,157.21,0.84,2,2,63.32,2,Antifibrinolytic Agents,P00747,Endometriosis,female hypogonadism syndrome; menorrhagia,Others
908,Tranilast,DB07615,327.34,3.05,2,4,84.86,6,,O60760,Allergic rhinitis (disorder),"asthma; cicatrix, hypertrophic; keloid",Respiratory
909,Travoprost,DB00287,500.55,4.43,3,6,96.22,12,"Prostaglandins, Synthetic",P43088,"Glaucoma, Open-Angle",ocular hypertension,Heart
910,Treprostinil,DB00374,390.52,3.58,3,4,86.99,10,Antithrombins,P43119; Q03181; Q9H244,Pulmonary arterial hypertension,,Others
911,Triamcinolone,DB00620,394.44,0.62,4,6,115.06,2,Anti-Inflammatory Agents,P04150,Acquired thrombocytopenia,"acute lymphocytic leukemia; addison disease; addisonian crisis; adrenal cortical hypofunction; adrenogenital disorder; allergic rhinitis (disorder); alopecia areata; anemia, diamond-blackfan; angioedema; ankylosing spondylitis; aphthous stomatitis; arthritis, gouty; arthritis, psoriatic; aspiration pneumonitis; asthma; autoimmune diseases; autoimmune hemolytic anemia; berylliosis; bursitis; cerebral edema; chronic small plaque psoriasis; congenital adrenal hyperplasia; contact dermatitis; cooley's anemia; crohn disease; cutaneous candidiasis; dermatitis herpetiformis; dermatitis, atopic; dermatologic disorders; disorder of eye; epicondylitis; erythema multiforme; exanthema; exfoliative dermatitis; giant cell arteritis; gingival diseases; granuloma annulare; hay fever; hodgkin disease; humoral hypercalcemia of malignancy (disorder); inflammatory bowel diseases; keloid; laryngeal edema; lichen planus; lichen simplex chronicus; lupus erythematosus, discoid; lupus erythematosus, systemic; lymphoma, follicular; lymphoma, non-hodgkin; lymphoma, t-cell, cutaneous; multiple sclerosis; musculoskeletal diseases; mycosis fungoides; necrobiosis lipoidica diabeticorum; nephrotic syndrome; ophthalmia, sympathetic; pemphigus; post traumatic osteoarthritis; pruritus ani; pruritus of genital organs; psoriasis; rheumatic heart disease; rheumatoid arthritis; sarcoidosis; scalp psoriasis; seborrheic dermatitis; serum sickness; simple pulmonary eosinophilia; status asthmaticus; subacute bursitis; synovitis; tendinitis; tenosynovitis; thyroiditis; transplanted organ rejection; trichinellosis; tuberculosis, miliary; uveitis",Arthritis
912,Triamterene,DB00384,253.27,0.83,3,7,129.62,1,Diuretics,P37088; P51168; P51170; P51172,Edema,hypertensive disease,Others
913,Triazolam,DB00897,343.22,4.23,0,3,43.07,1,Anti-Anxiety Agents,A8MPY1; O00591; O14764; P14867; P18505; P18507; P24046; P28472; P28476; P30536; P31644; P34903; P47869; P47870; P48169; P78334; Q16445; Q8N1C3; Q99928; Q9UN88,Sleeplessness,,Others
914,Trichlormethiazide,DB01021,380.66,0.82,3,5,118.36,2,Antihypertensive Agents,P00915; P00918; P05023; P22748; Q13621,Hypertensive disease,,Others
915,Trifluridine,DB00432,296.2,-0.8,3,5,104.55,2,Antiviral Agents,P04818,Herpes simplex keratoconjunctivitis,"keratitis, herpetic; malignant tumor of colon",Cancer
916,Trihexyphenidyl,DB00376,301.47,4.33,1,2,23.47,5,Antiparkinson Agents,P08172; P08173; P08912; P11229; P20309,Extrapyramidal Disorders,"parkinson disease; parkinson disease, postencephalitic; parkinsonian disorders",Brain
917,Trilostane,DB01108,329.44,3.47,2,4,76.78,0,Anti-adrenal Agents,P03372; P14060; P26439; Q92731,Adrenal Gland Hyperfunction,,Others
918,Trimethobenzamide,DB00662,388.46,2.58,1,6,69.26,10,Antiemetics,,Nausea,nausea and vomiting; vomiting,Others
919,Trimethoprim,DB00440,290.32,1.26,2,7,105.51,5,Anti-Infective Agents,P00374; P04818,Acute exacerbation of chronic bronchitis,acute otitis media; bacterial conjunctivitis; bacterial urinary infection; blepharoconjunctivitis; escherichia coli urinary tract infection; infective otitis media; klebsiella cystitis; proteus urinary tract infection; shigella infections; urinary tract infection,Infection
920,Troleandomycin,DB01361,813.98,3.62,0,16,184.19,9,Anti-Bacterial Agents,P49228; P60723,Streptococcal pneumonia,,Others
921,Tropicamide,DB00809,284.36,2.21,1,3,53.43,6,Muscarinic Antagonists,P08172; P08173; P11229; P20309,Cycloplegia,mydriasis,Others
922,Trospium,DB00209,392.52,3.77,1,3,46.53,4,,P11229,Bladder muscle dysfunction - overactive,increased frequency of micturition; urge incontinence; urgency of micturition,Others
923,Trovafloxacin,DB00685,416.36,1.89,2,5,101.45,3,Anti-Infective Agents,P11388; P43700; P43702,Acute Moraxella catarrhalis bronchitis,acute bacterial sinusitis; acute gonococcal cervicitis; acute gonococcal endometritis; acute gonococcal urethritis; bacterial infection due to klebsiella pneumoniae; chlamydial cervicitis; chlamydial pelvic inflammatory disease; chlamydial pneumonia; chronic bacterial prostatitis; endomyometritis; female genital tract infection; female pelvic cellulitis; gonorrhea of rectum; haemophilus influenzae pneumonia; infection of skin and/or subcutaneous tissue; intraabdominal infections; legionella pneumophila pneumonia; miscarriage with sepsis; moraxella catarrhalis pneumonia; mycoplasma pneumonia; pneumonia due to escherichia coli; pneumonia due to pseudomonas; postnatal infection; postoperative infection; staphylococcal pneumonia; urinary tract infection,Infection
924,Udenafil,DB06267,516.67,2.83,2,7,122.21,11,,O76074,Erectile dysfunction,,Others
925,Ulipristal,DB08867,475.63,5.54,0,5,63.68,4,,,Uterine Fibroids,,Others
926,Uracil mustard,DB00791,252.1,0.35,2,3,68.96,5,,,Chronic Lymphocytic Leukemia,"lymphoma, non-hodgkin; myeloid leukemia, chronic; polycythemia vera",Cancer
927,Urea,DB03904,60.06,-0.98,2,1,69.11,0,,P00918; P05089; P0ABQ4; P35222; Q8XB74,Contact Dermatitis,exanthema; impacted cerumen; scurfiness of scalp; seborrheic dermatitis; tinea versicolor,Skin
928,Uridine triacetate,DB09144,370.31,-1.14,1,9,142.99,5,,,Antimetabolite overdose,hereditary orotic aciduria,Others
929,Ursodeoxycholic acid,DB01586,392.58,4.48,3,3,77.76,4,Cholagogues and Choleretics,P52895,Cholelithiasis,primary biliary cirrhosis,Liver
930,Valaciclovir,DB00577,324.34,-0.8,3,8,151.14,7,Antiviral Agents,P04293,Chickenpox,genital herpes; herpes labialis; herpes zoster disease; recurrent genital herpes simplex,Infection
931,Valrubicin,DB00385,723.65,2.46,5,13,215.22,10,,P11388,Malignant neoplasm of urinary bladder,,Others
932,Valsartan,DB00177,435.53,4.16,2,5,112.07,10,Angiotensin Receptor Antagonists,P30556,Chronic heart failure,hypertensive disease,Others
933,Vancomycin,DB00512,1449.27,0.11,19,25,530.49,13,Anti-Bacterial Agents,,Arthropathy associated with infection,"bacterial endocarditis; bacterial sepsis; enterocolitis, pseudomembranous; infection of bone; neonatal pneumonia; osteomyelitis due to staphylococcus aureus; sepsis of the newborn; staphylococcal infections; staphylococcal pneumonia; staphylococcal bacteraemia; staphylococcal endocarditis; staphylococcal enterocolitis; staphylococcus aureus infection; streptococcal endocarditis",Infection
934,Vandetanib,DB05294,475.36,5.0,1,6,59.51,6,,P00533; P15692; Q02763; Q13882,Malignant epithelial neoplasm of thyroid,,Others
935,Vardenafil,DB00862,488.61,2.07,1,7,112.9,8,Vasodilator Agents,O76074; P18545; Q13956,Erectile dysfunction,,Others
936,Venlafaxine,DB00285,277.41,3.04,1,3,32.7,5,Antidepressive Agents,P23975; P31645; Q01959,Generalized Anxiety Disorder,"major depressive disorder; panic disorder; phobia, social",Mental Health
937,Verteporfin,DB00460,718.81,6.72,3,9,173.56,9,Antineovascularisation Agents,,Choroidal Neovascularization,choroidal retinal neovascularization; exudative age-related macular degeneration; ocular histoplasmosis syndrome,Eye
938,Vidarabine,DB00194,267.25,-1.98,4,8,139.54,2,Antiviral Agents,P03198,"Keratitis, Dendritic","keratitis, herpetic",Others
939,Vigabatrin,DB01080,129.16,0.36,2,2,63.32,4,Enzyme Inhibitors,P80404; Q9UBS5,Epilepsy characterized by intractable complex partial seizures,west syndrome,Others
940,Vilazodone,DB06684,441.54,4.03,2,5,102.29,7,Serotonin Uptake Inhibitors,P08908,Major Depressive Disorder,,Others
941,Vildagliptin,DB04876,303.41,1.17,2,4,76.36,3,Dipeptidyl-Peptidase IV Inhibitors,P27487,"Diabetes Mellitus, Non-Insulin-Dependent",,Others
942,Vinblastine,DB00570,810.99,3.99,3,12,154.1,7,"Antineoplastic Agents, Phytogenic",P05412; P07437; P23258; Q71U36; Q9UJT0; Q9UJT1,Carcinoma breast stage IV,"gestational trophoblastic neoplasms; hodgkin disease; kaposi sarcoma; letterer-siwe disease; lymphoma, non-hodgkin; malignant epithelial neoplasm of female breast; malignant neoplasm of testis; mycosis fungoides",Cancer
943,Vincristine,DB00541,824.97,3.52,3,12,171.17,8,"Antineoplastic Agents, Phytogenic",P07437; P68366,Acute lymphocytic leukemia,"burkitt lymphoma; diffuse large b-cell lymphoma; hodgkin disease; lymphoma, follicular; lymphoma, non-hodgkin; nephroblastoma; neuroblastoma; rhabdomyosarcoma",Cancer
944,Vindesine,DB00309,753.94,2.73,5,10,164.82,6,"Antineoplastic Agents, Phytogenic",Q9H4B7,Acute lymphocytic leukemia,"malignant neoplasm of lung; myeloid leukemia, chronic; melanoma",Cancer
945,Vinorelbine,DB00361,778.95,4.75,2,11,133.87,7,"Antineoplastic Agents, Phytogenic",P07437,Non-Small Cell Lung Carcinoma,,Others
946,Vismodegib,DB08828,421.31,4.71,1,4,76.13,4,,Q99835,Basal cell carcinoma,,Others
947,Vitamin A,DB00162,286.46,5.51,1,1,20.23,5,Vitamins,O75911; O94788; O95237; P00352; P09455; P10745; P12271; P47895; Q6NUM9; Q8NBN7; Q8TC12; Q92781; Q96NR8; Q9BTZ2; Q9HBH5; Q9NYR8,Mineral deficiency,vitamin a deficiency; vitamin deficiency,Others
948,Vitamin C,DB00126,176.12,-1.41,4,6,107.22,2,Antioxidants,O00469; O14832; O60568; O75936; P09172; P09848; P13674; P19021; Q02809; Q32P28; Q6N063; Q6NS38; Q8IVL5; Q8IVL6; Q8N543; Q96KS0; Q96Q83; Q9BY66; Q9GZT9; Q9H6Z9; Q9NVH6; Q9NXG6; Q9UHI7,Breastfeeding (mother),vitamin deficiency,Others
949,Vitamin E,DB00163,430.72,8.84,1,2,29.46,12,Antioxidants,O75469; O76054; P05771; P09917; P17252; P23743; P62714; P67775; Q9UDX3; Q9UDX4,Vitamin E Deficiency,,Others
950,Voglibose,DB04878,267.28,-4.49,8,8,153.64,5,,O43451,"Diabetes Mellitus, Non-Insulin-Dependent",gaucher disease,Others
951,Vorapaxar,DB09030,492.59,5.83,1,5,81.01,5,,,Cerebrovascular accident,,Others
952,Voriconazole,DB00582,349.32,2.18,1,5,76.72,5,Antifungal Agents,P10613,Candidemia,candidiasis of the esophagus; fusariosis; invasive pulmonary aspergillosis; systemic candidiasis,Respiratory
953,Vorinostat,DB02546,264.32,2.47,3,3,78.43,8,Antineoplastic Agents,O15379; O67135; Q13547; Q92769; Q9BY41; Q9UBN7,"Lymphoma, T-Cell, Cutaneous",,Others
954,Warfarin,DB00682,308.33,3.61,1,4,67.51,4,Anticoagulants,Q9BQB6,Cerebral Embolism,deep vein thrombosis; thromboembolism; thrombosis,Heart
955,Xanthophyll,DB00137,568.89,10.4,2,2,40.46,10,Dietary Supplements,,Age related macular degeneration,dry eye syndromes; meibomian gland dysfunction,Eye
956,Zafirlukast,DB00549,575.69,5.7,2,6,115.73,8,Anti-Asthmatic Agents,Q9Y271,Asthma,,Others
957,Zalcitabine,DB00943,211.22,-0.5,2,5,90.37,2,Anti-HIV Agents,,HIV Infections,,Others
958,Zanamivir,DB00558,332.31,-3.79,7,7,200.72,6,Antiviral Agents,Q9Y3R4,Influenza,,Others
959,Zidovudine,DB00495,267.25,-0.2,2,5,133.08,3,Anti-HIV Agents,O14746,HIV Infections,,Others
960,Zileuton,DB00744,236.3,2.73,2,3,66.56,2,"Anti-Inflammatory Agents, Non-Steroidal",P09917,Allergic asthma,intrinsic asthma,Respiratory
961,Ziprasidone,DB00246,412.95,3.81,1,5,48.47,4,Antipsychotic Agents,P08172; P08173; P08908; P08912; P08913; P11229; P14416; P18089; P18825; P20309; P21728; P21917; P21918; P28221; P28222; P28223; P28335; P28566; P34969; P35348; P35367; P35368; P35462; P46098; P50406,"Bipolar affective disorder, current episode manic",bipolar disorder in remission; mixed bipolar i disorder; schizophrenia,Mental Health
962,Zoledronate,DB00399,272.09,-1.12,5,4,153.11,4,Bone Density Conservation Agents,O95749; P14324,Humoral hypercalcemia of malignancy (disorder),"osteitis deformans; osteolytic lesions of multiple myeloma; osteoporosis; osteoporosis, postmenopausal",Cancer
963,Zolmitriptan,DB00315,287.36,1.92,2,3,57.36,5,Serotonin Antagonists,P08908; P28221; P28222; P30939,Migraine Disorders,,Others
964,Zopiclone,DB01198,388.82,1.57,0,7,91.76,2,Hypnotics and Sedatives,P14867; P30536; P31644; P34903; P47869,Sleeplessness,,Others
